豆瓣排名,电影名,编剧,主演,类型,制片国家/地区,语言,上映日期,片长,豆瓣评分,评价人数,星星数,五星比例,四星比例,三星比例,二星比例,一星比例
,,,,,,,,,,,,,,,,
1,['肖申克的救赎 The Shawshank Redemption'],"['弗兰克・德拉邦特', '斯蒂芬・金']","['蒂姆・罗宾斯', '摩根・弗里曼', '鲍勃・冈顿']","['剧情', '犯罪']",[' 美国'],[' 英语'],"['1994-09-10(多伦多电影节)', '1994-10-14(美国)']",['142分钟'],['9.6'],['1409328'],['50'],['84.3%'],['14.0%'],['1.5%'],['0.1%'],['0.1%']
,,,,,,,,,,,,,,,,
2,['霸王别姬'],"['芦苇', '李碧华']","['张国荣', '张丰毅', '巩俐']","['剧情', '爱情', '同性']",[' 中国大陆 / 香港'],[' 汉语普通话'],['1993-01-01(香港)'],['171 分钟'],['9.6'],['1043910'],['50'],['81.4%'],['16.1%'],['2.2%'],['0.2%'],['0.1%']
,,,,,,,,,,,,,,,,
3,['这个杀手不太冷 Léon'],['吕克・贝松'],"['让・雷诺', '娜塔莉・波特曼', '加里・奥德曼']","['剧情', '动作', '犯罪']",[' 法国'],[' 英语 / 意大利语 / 法语'],['1994-09-14(法国)'],['110分钟(剧场版)'],['9.4'],['1287002'],['45'],['74.1%'],['22.4%'],['3.2%'],['0.2%'],['0.1%']
,,,,,,,,,,,,,,,,
4,['阿甘正传 Forrest Gump'],"['艾瑞克・罗斯', '温斯顿・格鲁姆']","['汤姆・汉克斯', '罗宾・怀特', '加里・西尼斯']","['剧情', '爱情']",[' 美国'],[' 英语'],"['1994-06-23(洛杉矶首映)', '1994-07-06(美国)']",['142分钟'],['9.4'],['1109932'],['45'],['75.7%'],['21.0%'],['3.0%'],['0.2%'],['0.1%']
,,,,,,,,,,,,,,,,
5,['美丽人生 La vita è bella'],"['温琴佐・切拉米', '罗伯托・贝尼尼']","['罗伯托・贝尼尼', '尼可莱塔・布拉斯基', '乔治・坎塔里尼']","['剧情', '喜剧', '爱情', '战争']",[' 意大利'],[' 意大利语 / 德语 / 英语'],['1997-12-20(意大利)'],['116分钟'],['9.5'],['649823'],['50'],['79.5%'],['17.8%'],['2.4%'],['0.2%'],['0.1%']
,,,,,,,,,,,,,,,,
6,['泰坦尼克号 Titanic'],['詹姆斯・卡梅隆'],"['莱昂纳多・迪卡普里奥', '凯特・温丝莱特', '比利・赞恩']","['剧情', '爱情', '灾难']",[' 美国'],[' 英语 / 意大利语 / 德语 / 俄语'],"['1998-04-03(中国大陆)', '1997-11-01(东京电影节)', '1997-12-19(美国)']",['194分钟'],['9.3'],['1050570'],['45'],['72.1%'],['23.3%'],['4.2%'],['0.2%'],['0.1%']
,,,,,,,,,,,,,,,,
7,['千与千寻 千と千い紊耠Lし'],['宫崎骏'],"['艾美', '入野自由', '夏木真理']","['剧情', '动画', '奇幻']",[' 日本'],[' 日语'],['2001-07-20(日本)'],['125分钟'],['9.3'],['1035694'],['45'],['70.2%'],['25.3%'],['4.2%'],['0.2%'],['0.1%']
,,,,,,,,,,,,,,,,
8,["辛德勒的名单 Schindler's List"],"['托马斯・肯尼利', '斯蒂文・泽里安']","['连姆・尼森', '本・金斯利', '拉尔夫・费因斯']","['剧情', '历史', '战争']",[' 美国'],[' 英语 / 希伯来语 / 德语 / 波兰语'],"['1993-11-30(华盛顿首映)', '1994-02-04(美国)']",['195分钟'],['9.5'],['579358'],['50'],['77.2%'],['19.9%'],['2.6%'],['0.1%'],['0.1%']
,,,,,,,,,,,,,,,,
9,['盗梦空间 Inception'],['克里斯托弗・诺兰'],"['莱昂纳多・迪卡普里奥', '约瑟夫・高登-莱维特', '艾伦・佩吉']","['剧情', '科幻', '悬疑', '冒险']",[' 美国 / 英国'],[' 英语 / 日语 / 法语'],"['2010-09-01(中国大陆)', '2010-07-16(美国)']",['148分钟'],['9.3'],['1115104'],['45'],['69.9%'],['25.6%'],['4.1%'],['0.3%'],['0.2%']
,,,,,,,,,,,,,,,,
10,["忠犬八公的故事 Hachi: A Dog's Tale"],"['斯蒂芬・P・林赛', '新藤兼人']","['理查・基尔', '萨拉・罗默尔', '琼・艾伦']",['剧情'],[' 美国 / 英国'],[' 英语 / 日语'],"['2009-06-13(西雅图电影节)', '2010-03-12(英国)']",['93分钟'],['9.3'],['735637'],['45'],['71.3%'],['23.5%'],['4.7%'],['0.3%'],['0.1%']
,,,,,,,,,,,,,,,,
11,['机器人总动员 WALL・E'],"['安德鲁・斯坦顿', '吉姆・里尔顿', '彼特・道格特']","['本・贝尔特', '艾丽莎・奈特', '杰夫・格尔林']","['爱情', '科幻', '动画', '冒险']",[' 美国'],[' 英语'],['2008-06-27(美国)'],['98分钟'],['9.3'],['738738'],['45'],['71.0%'],['24.3%'],['4.3%'],['0.2%'],['0.1%']
,,,,,,,,,,,,,,,,
12,['三傻大闹宝莱坞 3 Idiots'],"['维德胡・维诺德・乔普拉', '拉吉库马尔・希拉尼', '阿希贾特・乔希']","['阿米尔・汗', '卡琳娜・卡普尔', '马达范']","['剧情', '喜剧', '爱情', '歌舞']",[' 印度'],[' 印地语 / 乌尔都语 / 英语'],"['2011-12-08(中国大陆)', '2009-12-25(印度)']",['171分钟(印度)'],['9.2'],['1001948'],['45'],['67.5%'],['25.9%'],['5.8%'],['0.6%'],['0.3%']
,,,,,,,,,,,,,,,,
13,["海上钢琴师 La leggenda del pianista sull'oceano"],"['亚利桑德罗・巴里克', '朱塞佩・托纳多雷']","['蒂姆・罗斯', '普路特・泰勒・文斯', '比尔・努恩']","['剧情', '音乐']",[' 意大利'],[' 英语 / 法语 / 意大利语'],['1998-10-28(意大利)'],['165分钟'],['9.2'],['821780'],['45'],['67.7%'],['26.2%'],['5.4%'],['0.5%'],['0.2%']
,,,,,,,,,,,,,,,,
14,['放牛班的春天 Les choristes'],"['乔治・沙普罗', '勒・惠勒', '诺埃-诺尔', '克里斯托夫・巴拉蒂', '菲利普・洛佩斯-屈瓦尔']","['热拉尔・朱尼奥', '弗朗索瓦・贝莱昂', '凯德・麦拉德']","['剧情', '音乐']",[' 法国 / 瑞士 / 德国'],[' 法语'],"['2004-10-16(中国大陆)', '2004-03-17(法国)']",['97分钟'],['9.3'],['693952'],['45'],['68.0%'],['27.6%'],['4.1%'],['0.2%'],['0.1%']
,,,,,,,,,,,,,,,,
15,['楚门的世界 The Truman Show'],['安德鲁・尼科尔'],"['金・凯瑞', '劳拉・琳妮', '艾德・哈里斯']","['剧情', '科幻']",[' 美国'],[' 英语'],['1998-06-05(美国)'],['103分钟'],['9.2'],['766935'],['45'],['66.2%'],['28.8%'],['4.6%'],['0.3%'],['0.1%']
,,,,,,,,,,,,,,,,
16,['大话西游之大圣娶亲 西[大Y局之仙履奇'],"['刘镇伟', '吴承恩']","['周星驰', '吴孟达', '朱茵']","['喜剧', '爱情', '奇幻', '古装']",[' 香港 / 中国大陆'],[' 粤语 / 汉语普通话'],"['2014-10-24(中国大陆)', '2017-04-13(中国大陆重映)', '1995-02-04(香港)']",['95分钟'],['9.2'],['775423'],['45'],['67.2%'],['26.0%'],['6.1%'],['0.5%'],['0.3%']
,,,,,,,,,,,,,,,,
17,['星际穿越 Interstellar'],"['乔纳森・诺兰', '克里斯托弗・诺兰']","['马修・麦康纳', '安妮・海瑟薇', '杰西卡・查斯坦']","['剧情', '科幻', '冒险']",[' 美国 / 英国 / 加拿大 / 冰岛'],[' 英语'],"['2014-11-12(中国大陆)', '2014-11-07(美国)']",['169分钟'],['9.2'],['796154'],['45'],['69.3%'],['24.6%'],['5.2%'],['0.5%'],['0.4%']
,,,,,,,,,,,,,,,,
18,['龙猫 となりのトトロ'],['宫崎骏'],"['日高法子', '坂本千夏', '糸井重里']","['动画', '奇幻', '冒险']",[' 日本'],[' 日语'],"['2018-12-14(中国大陆)', '1988-04-16(日本)']",['86分钟'],['9.2'],['685373'],['45'],['64.5%'],['29.3%'],['5.9%'],['0.3%'],['0.1%']
,,,,,,,,,,,,,,,,
19,['教父 The Godfather'],"['马里奥・普佐', '弗朗西斯・福特・科波拉']","['马龙・白兰度', '阿尔・帕西诺', '詹姆斯・肯恩']","['剧情', '犯罪']",[' 美国'],[' 英语 / 意大利语 / 拉丁语'],"['1972-03-15(纽约首映)', '1972-03-24(美国)']",['175 分钟'],['9.3'],['502827'],['45'],['69.5%'],['24.5%'],['5.4%'],['0.5%'],['0.2%']
,,,,,,,,,,,,,,,,
20,['熔炉 ???'],"['孔枝泳', '黄东赫']","['孔侑', '郑有美', '金志映']",['剧情'],[' 韩国'],[' 韩语'],['2011-09-22(韩国)'],['125分钟'],['9.3'],['449086'],['45'],['69.0%'],['26.6%'],['4.0%'],['0.3%'],['0.1%']
,,,,,,,,,,,,,,,,
21,['无间道 og道'],"['麦兆辉', '庄文强']","['刘德华', '梁朝伟', '黄秋生']","['剧情', '悬疑', '犯罪']",[' 香港'],[' 粤语'],"['2003-09-05(中国大陆)', '2002-12-12(香港)']",['101分钟'],['9.1'],['636735'],['45'],['63.5%'],['30.8%'],['5.5%'],['0.2%'],['0.1%']
,,,,,,,,,,,,,,,,
22,['疯狂动物城 Zootopia'],"['拜伦・霍华德', '瑞奇・摩尔', '杰拉德・布什', '吉姆・里尔顿', '乔西・特立尼达', '菲尔・约翰斯顿', '珍妮弗・李']","['金妮弗・古德温', '杰森・贝特曼', '伊德里斯・艾尔巴']","['喜剧', '动画', '冒险']",[' 美国'],[' 英语 / 挪威语'],['2016-03-04(中国大陆/美国)'],['109分钟(中国大陆)'],['9.2'],['875140'],['45'],['64.1%'],['30.2%'],['5.3%'],['0.3%'],['0.1%']
,,,,,,,,,,,,,,,,
23,['当幸福来敲门 The Pursuit of Happyness'],['斯蒂夫・康拉德'],"['威尔・史密斯', '贾登・史密斯', '坦迪・牛顿']","['剧情', '家庭', '传记']",[' 美国'],[' 英语 / 粤语'],"['2008-01-17(中国大陆)', '2006-12-15(美国)']",['117分钟'],['9.0'],['810997'],['45'],['59.8%'],['32.7%'],['6.9%'],['0.4%'],['0.1%']
,,,,,,,,,,,,,,,,
24,['怦然心动 Flipped'],"['罗伯・莱纳', '安德鲁・沙因曼', '文德琳・范・德拉安南']","['玛德琳・卡罗尔', '卡兰・麦克奥利菲', '瑞贝卡・德・莫妮']","['剧情', '喜剧', '爱情']",[' 美国'],[' 英语'],"['2010-07-26(好莱坞首映)', '2010-09-10(美国)']",['90分钟'],['9.0'],['896100'],['45'],['59.3%'],['32.7%'],['7.4%'],['0.5%'],['0.1%']
,,,,,,,,,,,,,,,,
25,['触不可及 Intouchables'],"['奥利维埃・纳卡什', '埃里克・托莱达诺']","['弗朗索瓦・克鲁塞', '奥玛・希', '安娜・勒尼']","['剧情', '喜剧']",[' 法国'],[' 法语'],['2011-11-02(法国)'],['112分钟'],['9.2'],['535914'],['45'],['65.8%'],['29.0%'],['4.8%'],['0.3%'],['0.1%']
,,,,,,,,,,,,,,,,
26,['蝙蝠侠：黑暗骑士 The Dark Knight'],"['乔纳森・诺兰', '克里斯托弗・诺兰', '大卫・S・高耶']","['克里斯蒂安・贝尔', '希斯・莱杰', '艾伦・艾克哈特']","['剧情', '动作', '科幻', '惊悚', '犯罪']",[' 美国 / 英国'],[' 英语 / 汉语普通话'],"['2008-07-14(纽约首映)', '2008-07-18(美国)']",['152分钟'],['9.1'],['518036'],['45'],['64.9%'],['27.5%'],['6.8%'],['0.5%'],['0.2%']
,,,,,,,,,,,,,,,,
27,['乱世佳人 Gone with the Wind'],"['玛格丽特・米歇尔', '西德尼・霍华德', '奥利弗・H・P・加勒特', '本・赫克特', '乔・斯沃林', '约翰・范・德鲁登']","['费雯・丽', '克拉克・盖博', '奥利维娅・德哈维兰']","['剧情', '爱情', '历史', '战争']",[' 美国'],[' 英语'],"['1939-12-15(亚特兰大首映)', '1940-01-17(美国)']",['238分钟'],['9.2'],['372590'],['45'],['68.3%'],['26.3%'],['5.0%'],['0.3%'],['0.1%']
,,,,,,,,,,,,,,,,
28,['活着'],"['芦苇', '余华']","['葛优', '巩俐', '姜武']","['剧情', '家庭', '历史']",[' 中国大陆 / 香港'],[' 汉语普通话'],"['1994-05-17(戛纳电影节)', '1994-06-30(香港)']",['132分钟'],['9.2'],['414218'],['45'],['65.2%'],['29.2%'],['5.1%'],['0.4%'],['0.1%']
,,,,,,,,,,,,,,,,
29,['少年派的奇幻漂流 Life of Pi'],"['扬・马特尔', '大卫・麦基']","['苏拉・沙玛', '伊尔凡・可汗', '拉菲・斯波']","['剧情', '奇幻', '冒险']",[' 美国 / 台湾 / 英国 / 加拿大'],[' 英语 / 泰米尔语 / 法语 / 日语 / 印地语 / 汉语普通话'],"['2012-11-22(中国大陆)', '2012-09-28(纽约电影节)', '2012-11-21(美国)']",['127分钟'],['9.0'],['808628'],['45'],['60.7%'],['31.8%'],['6.8%'],['0.5%'],['0.2%']
,,,,,,,,,,,,,,,,
30,['控方证人 Witness for the Prosecution'],"['阿加莎・克里斯蒂', '比利・怀德', '哈里・库尼兹']","['泰隆・鲍华', '玛琳・黛德丽', '查尔斯・劳顿']","['剧情', '悬疑', '犯罪']",[' 美国'],[' 英语 / 德语'],['1957-12-17(美国)'],['116分钟'],['9.6'],['178271'],['50'],['81.3%'],['16.8%'],['1.7%'],['0.1%'],['0.1%']
,,,,,,,,,,,,,,,,
31,['天堂电影院 Nuovo Cinema Paradiso'],"['朱塞佩・托纳多雷', '瓦娜・波利', '理查德・埃帕卡']","['安东内拉・阿蒂利', '恩佐・卡拉瓦勒', '艾萨・丹尼埃利']","['剧情', '爱情']",[' 意大利 / 法国'],[' 意大利语'],['1988-11-17(意大利)'],['155分钟'],['9.2'],['399784'],['45'],['64.7%'],['29.0%'],['5.8%'],['0.4%'],['0.1%']
,,,,,,,,,,,,,,,,
32,['鬼子来了'],"['姜文', '史建全', '述平', '尤凤伟']","['姜文', '香川照之', '袁丁']","['剧情', '历史', '战争']",[' 中国大陆'],[' 汉语普通话 / 日语 / 唐山话'],"['2000-05-12(戛纳电影节)', '2002-04-27(日本)']",['139分钟'],['9.2'],['338355'],['45'],['68.0%'],['26.1%'],['5.3%'],['0.4%'],['0.2%']
,,,,,,,,,,,,,,,,
33,['指环王3：王者无敌 The Lord of the Rings: The Return of the King'],"['弗兰・威尔士', '菲利帕・鲍恩斯', '彼得・杰克逊', 'J・R・R・托尔金']","['维果・莫腾森', '伊莱贾・伍德', '西恩・奥斯汀']","['剧情', '动作', '奇幻', '冒险']",[' 美国 / 新西兰'],[' 英语 / 昆雅语 / 古英语 / 辛达林语'],"['2004-03-12(中国大陆)', '2003-12-17(美国)']",['201分钟'],['9.1'],['406279'],['45'],['65.5%'],['27.2%'],['6.6%'],['0.5%'],['0.2%']
,,,,,,,,,,,,,,,,
34,['十二怒汉 12 Angry Men'],['雷金纳德・罗斯'],"['亨利・方达', '马丁・鲍尔萨姆', '约翰・菲德勒']",['剧情'],[' 美国'],[' 英语'],['1957-04-13(美国)'],['96 分钟'],['9.4'],['240755'],['45'],['74.1%'],['22.0%'],['3.6%'],['0.2%'],['0.1%']
,,,,,,,,,,,,,,,,
35,['天空之城 天空の城ラピュタ'],['宫崎骏'],"['田中真弓', '横泽启子', '初井言荣']","['动画', '奇幻', '冒险']",[' 日本'],[' 日语'],"['1992(中国大陆)', '1986-08-02(日本)']",['125分钟'],['9.1'],['475612'],['45'],['61.0%'],['32.3%'],['6.4%'],['0.3%'],['0.1%']
,,,,,,,,,,,,,,,,
36,['摔跤吧！爸爸 Dangal'],"['比于什・古普塔', '施热亚・简', '尼基尔・麦罗特拉', '涅提・蒂瓦里']","['阿米尔・汗', '法缇玛・萨那・纱卡', '桑亚・玛荷塔']","['剧情', '家庭', '传记', '运动']",[' 印度'],[' 印地语'],"['2017-05-05(中国大陆)', '2016-12-23(印度)']",['161分钟(印度)'],['9.0'],['776384'],['45'],['60.1%'],['32.9%'],['6.4%'],['0.4%'],['0.2%']
,,,,,,,,,,,,,,,,
37,['飞屋环游记 Up'],"['保伯・彼得森', '彼特・道格特', '汤姆・麦卡锡']","['爱德华・阿斯纳', '克里斯托弗・普卢默', '乔丹・长井']","['剧情', '喜剧', '动画', '冒险']",[' 美国'],[' 英语'],"['2009-08-04(中国大陆)', '2009-05-13(戛纳电影节)', '2009-05-29(美国)']",['96分钟'],['9.0'],['724414'],['45'],['56.3%'],['35.5%'],['7.8%'],['0.4%'],['0.1%']
,,,,,,,,,,,,,,,,
38,['大话西游之月光宝盒 西[第壹佰零壹回之月光盒'],"['刘镇伟', '吴承恩']","['周星驰', '吴孟达', '罗家英']","['喜剧', '爱情', '奇幻', '古装']",[' 香港 / 中国大陆'],[' 粤语 / 汉语普通话'],"['2014-10-24(中国大陆)', '1995-01-21(香港)']",['87分钟'],['9.0'],['626254'],['45'],['57.8%'],['33.0%'],['8.4%'],['0.6%'],['0.2%']
,,,,,,,,,,,,,,,,
39,['搏击俱乐部 Fight Club'],"['恰克・帕拉尼克', '吉姆・乌尔斯']","['爱德华・诺顿', '布拉德・皮特', '海伦娜・伯翰・卡特']","['剧情', '动作', '悬疑', '惊悚']",[' 美国 / 德国'],[' 英语'],"['1999-09-10(威尼斯电影节)', '1999-10-15(美国)']",['139 分钟'],['9.0'],['518861'],['45'],['60.8%'],['30.5%'],['7.6%'],['0.8%'],['0.3%']
,,,,,,,,,,,,,,,,
40,['罗马假日 Roman Holiday'],"['伊安・麦克莱伦・亨特', '约翰・戴顿', '达尔顿・特朗勃']","['奥黛丽・赫本', '格利高里・派克', '埃迪・艾伯特']","['剧情', '喜剧', '爱情']",[' 美国'],[' 英语 / 意大利语 / 德语'],['1953-09-02(美国)'],['118分钟'],['9.0'],['541673'],['45'],['57.4%'],['34.6%'],['7.6%'],['0.3%'],['0.1%']
,,,,,,,,,,,,,,,,
41,['哈尔的移动城堡 ハウルの婴城'],"['宫崎骏', '吉田玲子']","['倍赏千惠子', '木村拓哉', '美轮明宏']","['动画', '奇幻', '冒险']",[' 日本'],[' 日语'],"['2004-09-05(威尼斯电影节)', '2004-11-20(日本)']",['119分钟'],['9.0'],['526756'],['45'],['58.5%'],['33.2%'],['7.8%'],['0.5%'],['0.1%']
,,,,,,,,,,,,,,,,
42,['闻香识女人 Scent of a Woman'],"['博・古德曼', '乔瓦尼・阿尔皮诺']","['阿尔・帕西诺', '克里斯・奥唐纳', '詹姆斯・瑞布霍恩']",['剧情'],[' 美国'],[' 英语'],['1992-12-23(美国)'],['157 分钟'],['9.0'],['463260'],['45'],['58.7%'],['33.6%'],['7.2%'],['0.4%'],['0.1%']
,,,,,,,,,,,,,,,,
43,['辩护人 ???'],"['杨宇硕', '尹贤浩']","['宋康昊', '吴达洙', '金英爱']",['剧情'],[' 韩国'],[' 韩语'],['2013-12-18(韩国)'],['127分钟'],['9.2'],['319985'],['45'],['65.1%'],['29.6%'],['4.9%'],['0.3%'],['0.1%']
,,,,,,,,,,,,,,,,
44,['窃听风暴 Das Leben der Anderen'],['弗洛里安・亨克尔・冯・多纳斯马尔克'],"['乌尔里希・穆埃', '马蒂娜・格德克', '塞巴斯蒂安・科赫']","['剧情', '悬疑']",[' 德国'],[' 德语'],['2006-03-23(德国)'],['137分钟'],['9.1'],['321685'],['45'],['63.9%'],['29.9%'],['5.7%'],['0.4%'],['0.1%']
,,,,,,,,,,,,,,,,
45,['末代皇帝 The Last Emperor'],"['贝纳尔多・贝托鲁奇', '马克・派普罗']","['尊龙', '陈冲', '邬君梅']","['剧情', '传记', '历史']",[' 英国 / 意大利 / 中国大陆 / 法国 / 美国'],[' 英语 / 汉语普通话 / 日语 / 俄语'],"['1987-10-04(东京国际电影节)', '1987-10-23(意大利)']",['163分钟'],['9.1'],['315342'],['45'],['63.7%'],['30.0%'],['5.7%'],['0.4%'],['0.1%']
,,,,,,,,,,,,,,,,
46,"['两杆大烟枪 Lock, Stock and Two Smoking Barrels']",['盖・里奇'],"['杰森・弗莱明', '德克斯特・弗莱彻', '尼克・莫兰']","['剧情', '喜剧', '犯罪']",[' 英国'],[' 英语'],['1998-08-28(英国)'],['107分钟'],['9.1'],['354958'],['45'],['62.2%'],['30.7%'],['6.5%'],['0.5%'],['0.2%']
,,,,,,,,,,,,,,,,
47,["飞越疯人院 One Flew Over the Cuckoo's Nest"],"['劳伦斯・奥邦', '博・古德曼', '肯・凯西', '达尔・瓦瑟曼']","['杰克・尼科尔森', '丹尼・德维托', '克里斯托弗・洛伊德']",['剧情'],[' 美国'],[' 英语'],['1975-11-19(美国)'],['133分钟'],['9.1'],['357687'],['45'],['61.4%'],['31.3%'],['6.6%'],['0.5%'],['0.2%']
,,,,,,,,,,,,,,,,
48,['死亡诗社 Dead Poets Society'],['汤姆・舒尔曼'],"['罗宾・威廉姆斯', '罗伯特・肖恩・莱纳德', '伊桑・霍克']",['剧情'],[' 美国'],[' 英语 / 拉丁语'],"['1989-06-02(多伦多首映)', '1989-06-09(美国)']",['128 分钟'],['9.0'],['392730'],['45'],['60.3%'],['31.7%'],['7.3%'],['0.6%'],['0.2%']
,,,,,,,,,,,,,,,,
49,['素媛 ??'],"['金智慧', '赵重勋']","['薛耿求', '严志媛', '李来']",['剧情'],[' 韩国'],[' 韩语'],['2013-10-02(韩国)'],['123分钟'],['9.2'],['292147'],['45'],['64.5%'],['30.1%'],['5.0%'],['0.3%'],['0.1%']
,,,,,,,,,,,,,,,,
50,['寻梦环游记 Coco'],"['阿德里安・莫利纳', '马修・奥尔德里奇', '李・昂克里奇', '詹森・卡茨']","['安东尼・冈萨雷斯', '盖尔・加西亚・贝纳尔', '本杰明・布拉特']","['喜剧', '动画', '音乐', '奇幻']",[' 美国'],[' 英语 / 西班牙语'],"['2017-11-24(中国大陆)', '2017-10-20(莫雷利亚电影节)', '2017-11-22(美国)']",['105分钟'],['9.0'],['740726'],['45'],['60.3%'],['32.0%'],['7.2%'],['0.5%'],['0.1%']
,,,,,,,,,,,,,,,,
51,['指环王2：双塔奇兵 The Lord of the Rings: The Two Towers'],"['弗兰・威尔士', '菲利帕・鲍恩斯', '斯蒂芬・辛克莱', '彼得・杰克逊', 'J・R・R・托尔金']","['伊莱贾・伍德', '西恩・奥斯汀', '伊恩・麦克莱恩']","['剧情', '动作', '奇幻', '冒险']",[' 美国 / 新西兰'],[' 英语 / 辛达林语 / 古代英语'],"['2003-04-25(中国大陆)', '2002-12-05(纽约首映)', '2002-12-18(美国)']",['179分钟'],['9.0'],['381603'],['45'],['60.4%'],['31.3%'],['7.6%'],['0.5%'],['0.2%']
,,,,,,,,,,,,,,,,
52,['教父2 The Godfather: Part Ⅱ'],"['弗朗西斯・福特・科波拉', '马里奥・普佐']","['阿尔・帕西诺', '罗伯特・杜瓦尔', '黛安・基顿']","['剧情', '犯罪']",[' 美国'],[' 英语 / 意大利语 / 西班牙语 / 拉丁语 / 西西里语'],"['1974-12-12(纽约首映)', '1974-12-20(美国)']",['202分钟'],['9.2'],['272660'],['45'],['64.4%'],['29.4%'],['5.7%'],['0.3%'],['0.1%']
,,,,,,,,,,,,,,,,
53,['V字仇杀队 V for Vendetta'],"['莉莉・沃卓斯基', '拉娜・沃卓斯基']","['娜塔莉・波特曼', '雨果・维文', '斯蒂芬・瑞']","['剧情', '动作', '科幻', '惊悚']",[' 美国 / 英国 / 德国'],[' 英语'],"['2005-12-11(BNAT电影节)', '2006-03-17(美国)']",['132分钟'],['8.9'],['599800'],['45'],['55.4%'],['33.5%'],['9.6%'],['1.1%'],['0.4%']
,,,,,,,,,,,,,,,,
54,['指环王1：魔戒再现 The Lord of the Rings: The Fellowship of the Ring'],"['弗兰・威尔士', '菲利帕・鲍恩斯', '彼得・杰克逊', 'J・R・R・托尔金']","['伊莱贾・伍德', '西恩・奥斯汀', '伊恩・麦克莱恩']","['剧情', '动作', '奇幻', '冒险']",[' 新西兰 / 美国'],[' 英语 / 辛达林语'],"['2002-04-04(中国大陆)', '2001-12-19(美国)']",['178分钟'],['9.0'],['427775'],['45'],['58.6%'],['32.1%'],['8.4%'],['0.6%'],['0.2%']
,,,,,,,,,,,,,,,,
55,['海豚湾 The Cove'],['马克・蒙雷'],"[""Richard O'Barry"", '路易・西霍尤斯', 'Hardy Jones']",['纪录片'],[' 美国'],[' 英语 / 日语'],['2009-07-31(美国)'],['92分钟'],['9.3'],['235913'],['45'],['71.0%'],['22.9%'],['5.1%'],['0.5%'],['0.4%']
,,,,,,,,,,,,,,,,
56,['饮食男女 食男女'],"['李安', '王蕙玲', '詹姆斯・夏慕斯']","['郎雄', '杨贵媚', '吴倩莲']","['剧情', '家庭']",[' 台湾 / 美国'],[' 汉语普通话 / 闽南语 / 湖南话'],['1994-08-03(美国)'],['124分钟'],['9.1'],['293107'],['45'],['61.3%'],['33.1%'],['5.3%'],['0.3%'],['0.1%']
,,,,,,,,,,,,,,,,
57,['狮子王 The Lion King'],"['艾琳・梅琪', '乔纳森・罗伯特 ', '琳达・伍尔芙顿']","['乔纳森・泰勒・托马斯', '马修・布罗德里克', '杰瑞米・艾恩斯']","['剧情', '动画', '歌舞', '家庭', '冒险']",[' 美国'],[' 英语 / 斯瓦希里语 / 科萨语 / 祖鲁语'],"['1995-07-15(中国大陆)', '1994-06-15(美国)', '2011-09-16(美国)']",['89 分钟'],['9.0'],['406947'],['45'],['57.0%'],['34.8%'],['7.8%'],['0.3%'],['0.1%']
,,,,,,,,,,,,,,,,
58,['美丽心灵 A Beautiful Mind'],"['阿齐瓦・高斯曼', '西尔维娅・纳萨尔']","['罗素・克劳', '艾德・哈里斯', '詹妮弗・康纳利']","['剧情', '传记']",[' 美国'],[' 英语'],"['2001-12-13(加州首映)', '2002-01-04(美国)']",['135分钟'],['9.0'],['416509'],['45'],['55.6%'],['36.8%'],['7.1%'],['0.4%'],['0.1%']
,,,,,,,,,,,,,,,,
59,['情书 Love Letter'],['岩井俊二'],"['中山美穗', '丰川悦司', '酒井美纪']","['剧情', '爱情']",[' 日本'],[' 日语'],"['1999-03(中国大陆)', '1995-03-25(日本)']",['117分钟'],['8.9'],['517471'],['45'],['54.9%'],['34.3%'],['9.8%'],['0.8%'],['0.2%']
,,,,,,,,,,,,,,,,
60,['钢琴家 The Pianist'],['罗纳德・哈伍德'],"['艾德里安・布洛迪', '托马斯・克莱舒曼', '艾米莉娅・福克斯']","['剧情', '音乐', '传记', '历史', '战争']",[' 法国 / 德国 / 英国 / 波兰'],[' 英语 / 德语 / 俄语'],"['2002-05-24(戛纳电影节)', '2002-09-25(法国)']",['150分钟'],['9.1'],['274595'],['45'],['60.9%'],['33.0%'],['5.7%'],['0.3%'],['0.1%']
,,,,,,,,,,,,,,,,
61,['本杰明・巴顿奇事 The Curious Case of Benjamin Button'],"['艾瑞克・罗斯', '罗宾・史威考德', 'F・司各特・菲茨杰拉德']","['凯特・布兰切特', '布拉德・皮特', '朱莉娅・奥蒙德']","['剧情', '爱情', '奇幻']",[' 美国'],[' 英语 / 俄语 / 法语'],['2008-12-25(美国)'],['166分钟'],['8.8'],['543541'],['45'],['53.0%'],['36.9%'],['9.4%'],['0.6%'],['0.1%']
,,,,,,,,,,,,,,,,
62,['美国往事 Once Upon a Time in America'],"['皮耶罗・德・贝纳迪', '莱奥纳多・本韦努蒂', '弗兰科・奥卡利', '恩里科・梅迪欧力', '弗兰科・费里尼', '赛尔乔・莱昂内']","['罗伯特・德尼罗', '詹姆斯・伍兹', '伊丽莎白・麦戈文']","['剧情', '犯罪']",[' 意大利 / 美国'],[' 英语 / 法语 / 意大利语'],"['1984-02-17(波士顿首映)', '1984-09-28(意大利)']",['229分钟(导演剪辑版)'],['9.1'],['235141'],['45'],['64.9%'],['28.2%'],['6.1%'],['0.5%'],['0.2%']
,,,,,,,,,,,,,,,,
63,['看不见的客人 Contratiempo'],['奥里奥尔・保罗'],"['马里奥・卡萨斯', '阿娜・瓦格纳', '何塞・科罗纳多']","['剧情', '悬疑', '惊悚', '犯罪']",[' 西班牙'],[' 西班牙语'],"['2017-09-15(中国大陆)', '2016-09-23(奇幻电影节)', '2017-01-06(西班牙)']",['106分钟'],['8.8'],['580792'],['45'],['48.1%'],['42.5%'],['8.8%'],['0.4%'],['0.1%']
,,,,,,,,,,,,,,,,
64,['黑客帝国 The Matrix'],"['莉莉・沃卓斯基', '拉娜・沃卓斯基']","['基努・里维斯', '凯瑞-安・莫斯', '劳伦斯・菲什伯恩']","['动作', '科幻']",[' 美国 / 澳大利亚'],[' 英语'],['1999-03-31(美国)'],['136分钟'],['8.9'],['406587'],['45'],['56.4%'],['33.8%'],['9.0%'],['0.6%'],['0.2%']
,,,,,,,,,,,,,,,,
65,['西西里的美丽传说 Malèna'],"['朱塞佩・托纳多雷', '卢恰诺・温琴佐尼']","['莫妮卡・贝鲁奇', '朱塞佩・苏尔法罗', 'Luciano Federico']","['剧情', '情色', '战争']",[' 意大利 / 美国'],[' 意大利语 / 英语 / 拉丁语 / 古希腊语'],['2000-10-27(意大利)'],['109 分钟'],['8.8'],['515183'],['45'],['51.2%'],['39.4%'],['8.8%'],['0.5%'],['0.1%']
,,,,,,,,,,,,,,,,
66,['小鞋子 ?????? ?????'],['马基德・马基迪'],"['法拉赫阿米尔・哈什米安', '默罕默德・阿米尔・纳吉', '巴哈丽・西迪奇']","['剧情', '家庭', '儿童']",[' 伊朗'],[' 波斯语'],"['1997-02(伊朗)', '1999-01-22(美国)']",['89分钟'],['9.2'],['201804'],['45'],['65.5%'],['29.5%'],['4.6%'],['0.2%'],['0.1%']
,,,,,,,,,,,,,,,,
67,['大闹天宫'],"['李克弱', '万籁鸣']","['邱岳峰', '富润生', '毕克']","['动画', '奇幻']",[' 中国大陆'],[' 汉语普通话'],"['1961(中国大陆)', '1964(中国大陆)', '1978(中国大陆)', '2004(中国大陆)']",['114分钟'],['9.3'],['169203'],['45'],['71.9%'],['22.2%'],['5.2%'],['0.4%'],['0.2%']
,,,,,,,,,,,,,,,,
68,["哈利・波特与魔法石 Harry Potter and the Sorcerer's Stone"],"['史蒂夫・克洛夫斯', 'J・K・罗琳']","['丹尼尔・雷德克里夫', '艾玛・沃森', '鲁伯特・格林特']","['奇幻', '冒险']",[' 美国 / 英国'],[' 英语'],"['2002-01-26(中国大陆)', '2001-11-04(英国首映)', '2001-11-16(美国)']",['152分钟'],['8.9'],['427630'],['45'],['54.3%'],['36.0%'],['9.1%'],['0.5%'],['0.1%']
,,,,,,,,,,,,,,,,
69,['让子弹飞'],"['朱苏进', '述平', '姜文', '郭俊立', '危笑', '李不空', '马识途']","['姜文', '葛优', '周润发']","['剧情', '喜剧', '动作', '西部']",[' 中国大陆 / 香港'],[' 汉语普通话 / 四川话 / 山西话'],['2010-12-16(中国大陆)'],['132分钟'],['8.7'],['885808'],['45'],['51.4%'],['36.5%'],['10.6%'],['1.0%'],['0.4%']
,,,,,,,,,,,,,,,,
70,['拯救大兵瑞恩 Saving Private Ryan'],['罗伯特・罗达特'],"['汤姆・汉克斯', '汤姆・塞兹摩尔', '爱德华・伯恩斯']","['剧情', '历史', '战争']",[' 美国'],[' 英语 / 法语 / 德语 / 捷克语'],['1998-07-24(美国)'],['169分钟'],['9.0'],['346701'],['45'],['56.2%'],['35.9%'],['7.5%'],['0.4%'],['0.1%']
,,,,,,,,,,,,,,,,
71,['致命魔术 The Prestige'],"['乔纳森・诺兰', '克里斯托弗・诺兰', '克里斯托弗・普瑞丝特']","['休・杰克曼', '克里斯蒂安・贝尔', '迈克尔・凯恩']","['剧情', '悬疑', '惊悚']",[' 美国 / 英国'],[' 英语'],['2006-10-20(美国)'],['130分钟'],['8.8'],['471613'],['45'],['52.1%'],['38.4%'],['8.8%'],['0.6%'],['0.2%']
,,,,,,,,,,,,,,,,
72,['七宗罪 Se7en'],['安德鲁・凯文・沃克'],"['摩根・弗里曼', '布拉德・皮特', '凯文・史派西']","['剧情', '悬疑', '惊悚', '犯罪']",[' 美国'],[' 英语 / 葡萄牙语'],['1995-09-22(美国)'],['127分钟'],['8.8'],['565609'],['45'],['50.0%'],['39.7%'],['9.6%'],['0.6%'],['0.2%']
,,,,,,,,,,,,,,,,
73,['音乐之声 The Sound of Music'],"['乔治・胡达勒克', '霍华德・林赛', '拉塞尔・克劳斯', '恩斯特・莱赫曼', 'Maria von Trapp']","['朱莉・安德鲁斯', '克里斯托弗・普卢默', '埃琳诺・帕克']","['剧情', '爱情', '歌舞', '传记']",[' 美国'],[' 英语 / 德语'],['1965-03-02(美国)'],['174分钟'],['9.0'],['318687'],['45'],['57.1%'],['34.7%'],['7.8%'],['0.3%'],['0.1%']
,,,,,,,,,,,,,,,,
74,['被嫌弃的松子的一生 嫌われ松子の一生'],"['中岛哲也', '山田宗树']","['中谷美纪', '瑛太', '香川照之']","['剧情', '歌舞']",[' 日本'],[' 日语'],['2006-05-27(日本)'],['130 分钟'],['8.9'],['418835'],['45'],['55.7%'],['33.6%'],['9.1%'],['1.1%'],['0.4%']
,,,,,,,,,,,,,,,,
75,['低俗小说 Pulp Fiction'],"['昆汀・塔伦蒂诺', '罗杰・阿夫瑞']","['约翰・特拉沃尔塔', '乌玛・瑟曼', '阿曼达・普拉莫']","['剧情', '喜剧', '犯罪']",[' 美国'],[' 英语 / 西班牙语 / 法语'],"['1994-05-12(戛纳电影节)', '1994-10-14(美国)']",['154分钟'],['8.8'],['465418'],['45'],['53.2%'],['35.7%'],['9.9%'],['1.0%'],['0.3%']
,,,,,,,,,,,,,,,,
76,['沉默的羔羊 The Silence of the Lambs'],"['托马斯・哈里斯', '泰德・塔里']","['朱迪・福斯特', '安东尼・霍普金斯', '斯科特・格伦']","['剧情', '惊悚', '犯罪']",[' 美国'],[' 英语'],['1991-02-14(美国)'],['118分钟'],['8.8'],['471236'],['45'],['50.1%'],['40.0%'],['9.1%'],['0.5%'],['0.1%']
,,,,,,,,,,,,,,,,
77,["天使爱美丽 Le fabuleux destin d'Amélie Poulain"],"['纪尧姆・洛朗', '让-皮埃尔・热内']","['奥黛丽・塔图', '马修・卡索维茨', '吕菲斯']","['喜剧', '爱情']",[' 法国 / 德国'],[' 法语 / 俄语'],"['2001-04-25(法国)', '2001-08-16(德国)']",['122分钟'],['8.7'],['628379'],['45'],['50.3%'],['36.2%'],['12.0%'],['1.2%'],['0.3%']
,,,,,,,,,,,,,,,,
78,['猫鼠游戏 Catch Me If You Can'],['杰夫・内桑森'],"['莱昂纳多・迪卡普里奥', '汤姆・汉克斯', '克里斯托弗・沃肯']","['剧情', '传记', '犯罪']",[' 美国 / 加拿大'],[' 英语 / 法语'],"['2002-12-16(洛杉矶首映)', '2002-12-25(美国)']",['141 分钟'],['8.9'],['364919'],['45'],['52.1%'],['40.0%'],['7.5%'],['0.4%'],['0.1%']
,,,,,,,,,,,,,,,,
79,['勇敢的心 Braveheart'],['兰道尔・华莱士'],"['梅尔・吉布森', '苏菲・玛索', '布莱恩・考克斯']","['剧情', '动作', '传记', '历史', '战争']",[' 美国'],[' 英语 / 法语 / 拉丁语 / 苏格兰盖尔语'],"['1995-05-18(西雅图电影节)', '1995-05-24(美国)']",['177 分钟'],['8.9'],['372765'],['45'],['54.5%'],['34.9%'],['9.6%'],['0.8%'],['0.2%']
,,,,,,,,,,,,,,,,
80,['蝴蝶效应 The Butterfly Effect'],"['J・麦基・格鲁伯', '埃里克・布雷斯']","['阿什顿・库彻', '梅洛拉・沃尔特斯', '艾米・斯马特']","['剧情', '科幻', '悬疑', '惊悚']",[' 美国 / 加拿大'],[' 英语'],['2004-01-23(美国)'],['113分钟'],['8.7'],['518669'],['45'],['49.3%'],['39.9%'],['9.9%'],['0.7%'],['0.2%']
,,,,,,,,,,,,,,,,
81,['剪刀手爱德华 Edward Scissorhands'],"['蒂姆・波顿', '卡罗琳・汤普森']","['约翰尼・德普', '薇诺娜・瑞德', '黛安・韦斯特']","['剧情', '爱情', '奇幻']",[' 美国'],[' 英语'],['1990-12-06(美国)'],['105分钟'],['8.7'],['643363'],['45'],['47.6%'],['39.9%'],['11.4%'],['0.8%'],['0.2%']
,,,,,,,,,,,,,,,,
82,['春光乍泄 春光乍'],['王家卫'],"['张国荣', '梁朝伟', '张震']","['剧情', '爱情', '同性']",[' 香港 / 日本 / 韩国'],[' 粤语 / 汉语普通话 / 西班牙语'],"['1997-05-17(戛纳电影节)', '1997-05-30(香港)']",['96分钟'],['8.9'],['345581'],['45'],['54.8%'],['35.6%'],['8.8%'],['0.6%'],['0.2%']
,,,,,,,,,,,,,,,,
83,['心灵捕手 Good Will Hunting'],"['本・阿弗莱克', '马特・达蒙']","['马特・达蒙', '罗宾・威廉姆斯', '本・阿弗莱克']",['剧情'],[' 美国'],[' 英语'],['1997-12-05(美国)'],['126 分钟'],['8.8'],['378767'],['45'],['51.5%'],['39.3%'],['8.5%'],['0.5%'],['0.1%']
,,,,,,,,,,,,,,,,
84,['禁闭岛 Shutter Island'],"['莱塔・卡罗格里迪斯', '丹尼斯・勒翰']","['莱昂纳多・迪卡普里奥', '马克・鲁弗洛', '本・金斯利']","['剧情', '悬疑', '惊悚']",[' 美国'],[' 英语 / 德语'],"['2010-02-13(柏林电影节)', '2010-02-19(美国)']",['138 分钟'],['8.7'],['504956'],['45'],['47.8%'],['42.2%'],['9.3%'],['0.6%'],['0.1%']
,,,,,,,,,,,,,,,,
85,['布达佩斯大饭店 The Grand Budapest Hotel'],"['韦斯・安德森', '雨果・吉尼斯', '斯蒂芬・茨威格']","['拉尔夫・费因斯', '托尼・雷沃罗利', '艾德里安・布洛迪']","['剧情', '喜剧', '冒险']",[' 美国 / 德国 / 英国'],[' 英语 / 法语 / 德语'],"['2014-02-06(柏林电影节)', '2014-03-28(美国)']",['99分钟'],['8.8'],['467792'],['45'],['51.7%'],['37.8%'],['9.5%'],['0.8%'],['0.2%']
,,,,,,,,,,,,,,,,
86,['穿条纹睡衣的男孩 The Boy in the Striped Pajamas'],"['约翰・伯恩', '马克・赫尔曼']","['阿萨・巴特菲尔德', '维拉・法米加', '卡拉・霍根']","['剧情', '战争']",[' 英国 / 美国'],[' 英语 / 西班牙语'],"['2008-09-12(英国)', '2008-11-07(美国)']",['94分钟'],['9.0'],['232649'],['45'],['57.3%'],['36.3%'],['5.9%'],['0.4%'],['0.1%']
,,,,,,,,,,,,,,,,
87,['入殓师 おくりびと'],['小山薰堂'],"['本木雅弘', '广末凉子', '山崎努']",['剧情'],[' 日本'],[' 日语'],['2008-09-13(日本)'],['130 分钟'],['8.8'],['388814'],['45'],['51.4%'],['39.0%'],['9.0%'],['0.5%'],['0.1%']
,,,,,,,,,,,,,,,,
88,['阿凡达 Avatar'],['詹姆斯・卡梅隆'],"['萨姆・沃辛顿', '佐伊・索尔达娜', '西格妮・韦弗']","['动作', '科幻', '战争', '冒险']",[' 美国 / 英国'],[' 英语 / 西班牙语'],"['2010-01-04(中国大陆)', '2009-12-18(美国)']",['162分钟'],['8.7'],['740855'],['45'],['49.1%'],['36.9%'],['12.6%'],['1.0%'],['0.3%']
,,,,,,,,,,,,,,,,
89,['幽灵公主 もののけ'],['宫崎骏'],"['松田洋治', '石田百合子', '田中裕子']","['动画', '奇幻', '冒险']",[' 日本'],[' 日语'],['1997-07-12(日本)'],['134分钟'],['8.8'],['317338'],['45'],['53.0%'],['36.9%'],['9.4%'],['0.5%'],['0.1%']
,,,,,,,,,,,,,,,,
90,['阳光灿烂的日子'],"['姜文', '王朔']","['夏雨', '宁静', '陶虹']","['剧情', '爱情']",[' 中国大陆 / 香港'],[' 汉语普通话'],"['1995-08-21(中国大陆)', '1994-09-09(威尼斯电影节)', '1995-06-28(香港)']",['134分钟(中国大陆)'],['8.8'],['362480'],['45'],['50.4%'],['39.5%'],['9.4%'],['0.6%'],['0.2%']
,,,,,,,,,,,,,,,,
91,['致命ID Identity'],['Michael Cooney'],"['约翰・库萨克', '雷・利奥塔', '阿曼达・皮特']","['剧情', '悬疑', '惊悚']",[' 美国'],[' 英语'],['2003-04-25(美国)'],['90分钟'],['8.7'],['431980'],['45'],['47.6%'],['41.9%'],['9.7%'],['0.7%'],['0.2%']
,,,,,,,,,,,,,,,,
92,['第六感 The Sixth Sense'],['M・奈特・沙马兰'],"['布鲁斯・威利斯', '海利・乔・奥斯蒙', '托妮・科莱特']","['剧情', '悬疑', '惊悚']",[' 美国'],[' 英语 / 拉丁语 / 西班牙语'],['1999-08-06(美国)'],['107分钟'],['8.8'],['310599'],['45'],['51.7%'],['39.1%'],['8.6%'],['0.5%'],['0.1%']
,,,,,,,,,,,,,,,,
93,['加勒比海盗 Pirates of the Caribbean: The Curse of the Black Pearl'],"['泰德・艾略特', '特里・鲁西奥', '斯图尔特・贝亚蒂耶', '杰・沃尔伯特']","['约翰尼・德普', '杰弗里・拉什', '奥兰多・布鲁姆']","['动作', '奇幻', '冒险']",[' 美国'],[' 英语'],"['2003-11-21(中国大陆)', '2003-07-09(美国)']",['143 分钟'],['8.7'],['487512'],['45'],['46.4%'],['42.0%'],['10.8%'],['0.6%'],['0.1%']
,,,,,,,,,,,,,,,,
94,['狩猎 Jagten'],"['托马斯・温特伯格', '托比亚斯・林道赫姆']","['麦斯・米科尔森', '托玛斯・博・拉森', '安妮卡・韦德科普']",['剧情'],[' 丹麦 / 瑞典'],[' 丹麦语 / 英语 / 波兰语'],"['2012-05-20(戛纳电影节)', '2013-01-10(丹麦)']",['115分钟'],['9.1'],['186351'],['45'],['61.2%'],['32.3%'],['5.8%'],['0.5%'],['0.3%']
,,,,,,,,,,,,,,,,
95,['断背山 Brokeback Mountain'],"['拉里・麦克穆特瑞', '黛安娜・奥撒纳', '安妮・普鲁']","['希斯・莱杰', '杰克・吉伦哈尔', '米歇尔・威廉姆斯']","['剧情', '爱情', '同性', '家庭']",[' 美国 / 加拿大'],[' 英语'],"['2005-09-02(威尼斯电影节)', '2006-01-06(加拿大)', '2006-01-13(美国)']",['134分钟'],['8.7'],['426520'],['45'],['50.2%'],['37.2%'],['11.6%'],['0.8%'],['0.2%']
,,,,,,,,,,,,,,,,
96,['重庆森林 重c森林'],['王家卫'],"['林青霞', '金城武', '梁朝伟']","['剧情', '爱情']",[' 香港'],[' 粤语 / 汉语普通话 / 英语 / 印地语 / 日语'],['1994-07-14(香港)'],['102分钟'],['8.7'],['444708'],['45'],['48.6%'],['39.4%'],['10.8%'],['0.9%'],['0.3%']
,,,,,,,,,,,,,,,,
97,['玛丽和马克思 Mary and Max'],['亚当・艾略特'],"['托妮・科莱特', '菲利普・塞默・霍夫曼', '巴瑞・哈姆弗莱斯']","['剧情', '喜剧', '动画']",[' 澳大利亚'],[' 英语 / 意第绪语'],"['2009-01-15(圣丹斯电影节)', '2009-04-09(澳大利亚)']",['92分钟'],['8.9'],['279951'],['45'],['56.5%'],['33.8%'],['8.7%'],['0.8%'],['0.2%']
,,,,,,,,,,,,,,,,
98,['摩登时代 Modern Times'],['查理・卓别林'],"['查理・卓别林', '宝莲・高黛', '亨利・伯格曼']","['剧情', '喜剧', '爱情']",[' 美国'],[' 英语'],['1936-02-25(美国)'],['87分钟'],['9.2'],['136618'],['45'],['67.2%'],['28.1%'],['4.4%'],['0.2%'],['0.1%']
,,,,,,,,,,,,,,,,
99,['喜剧之王 喜≈王'],"['曾瑾昌', '周星驰', '李敏', '郑文辉', '冯勉恒', '梁嘉杰']","['周星驰', '张柏芝', '莫文蔚']","['剧情', '喜剧', '爱情']",[' 香港'],[' 粤语'],['1999-02-13(香港)'],['85分钟'],['8.7'],['476105'],['45'],['46.6%'],['40.7%'],['11.8%'],['0.8%'],['0.1%']
,,,,,,,,,,,,,,,,
100,['告白'],"['中岛哲也', '凑佳苗']","['松隆子', '冈田将生', '木村佳乃']","['剧情', '惊悚']",[' 日本'],[' 日语'],['2010-06-05(日本)'],['106分钟'],['8.7'],['446193'],['45'],['50.0%'],['37.7%'],['10.5%'],['1.3%'],['0.6%']
,,,,,,,,,,,,,,,,
101,['大鱼 Big Fish'],"['Daniel Wallace', '约翰・奥古斯特']","['伊万・麦克格雷格', '阿尔伯特・芬尼', '比利・克鲁德普']","['剧情', '家庭', '奇幻', '冒险']",[' 美国'],[' 英语 / 法语 / 俄语 / 粤语 / 汉语普通话'],"['2003-12-04(纽约首映)', '2004-01-09(美国)']",['125 分钟'],['8.8'],['330318'],['45'],['50.8%'],['37.7%'],['10.5%'],['0.8%'],['0.2%']
,,,,,,,,,,,,,,,,
102,['消失的爱人 Gone Girl'],['吉莉安・弗琳'],"['本・阿弗莱克', '裴淳华', '尼尔・帕特里克・哈里斯']","['剧情', '悬疑', '惊悚', '犯罪']",[' 美国'],[' 英语'],"['2014-09-26(纽约电影节)', '2014-10-03(美国)']",['149分钟'],['8.7'],['495450'],['45'],['47.5%'],['42.6%'],['9.1%'],['0.6%'],['0.2%']
,,,,,,,,,,,,,,,,
103,['一一'],['杨德昌'],"['吴念真', '李凯莉', '金燕玲']","['剧情', '爱情', '家庭']",[' 台湾 / 日本'],[' 汉语普通话 / 闽南语 / 英语 / 日语'],"['2000-05-14(戛纳电影节)', '2000-12-16(日本)', '2017-07-28(台湾)']",['173分钟'],['9.0'],['200995'],['45'],['60.8%'],['29.1%'],['8.7%'],['1.0%'],['0.4%']
,,,,,,,,,,,,,,,,
104,['射雕英雄传之东成西就 射m英雄髦|成西就'],['刘镇伟'],"['梁朝伟', '林青霞', '张国荣']","['喜剧', '奇幻', '武侠', '古装']",[' 香港'],[' 粤语'],['1993-02-05(香港)'],['113分钟(香港)'],['8.7'],['364972'],['45'],['52.8%'],['32.8%'],['12.1%'],['1.7%'],['0.6%']
,,,,,,,,,,,,,,,,
105,['阳光姐妹淘 ??'],['姜炯哲'],"['沈恩京', '闵孝琳', '姜素拉']","['剧情', '喜剧']",[' 韩国'],[' 韩语'],['2011-05-04(韩国)'],['124分钟'],['8.8'],['357313'],['45'],['51.2%'],['37.5%'],['10.2%'],['0.9%'],['0.3%']
,,,,,,,,,,,,,,,,
106,['甜蜜蜜'],['岸西'],"['黎明', '张曼玉', '杨恭如']","['剧情', '爱情']",[' 香港'],[' 粤语 / 汉语普通话 / 英语'],"['2015-02-13(中国大陆)', '1996-11-02(香港)']",['118分钟(中国大陆)'],['8.8'],['294069'],['45'],['50.4%'],['39.5%'],['9.5%'],['0.5%'],['0.1%']
,,,,,,,,,,,,,,,,
107,['爱在黎明破晓前 Before Sunrise'],"['理查德・林克莱特', '金・克里桑']","['伊桑・霍克', '朱莉・德尔佩', '安德莉亚・埃克特']","['剧情', '爱情']",[' 美国 / 奥地利 / 瑞士'],[' 英语 / 德语 / 法语'],['1995-01-27(美国)'],['101分钟'],['8.8'],['305464'],['45'],['52.4%'],['35.4%'],['10.8%'],['1.1%'],['0.3%']
,,,,,,,,,,,,,,,,
108,['小森林 夏秋篇 リトル?フォレスト 夏?秋'],"['森淳一', '五十岚大介']","['桥本爱', '三浦贵大', '松冈茉优']",['剧情'],[' 日本'],[' 日语'],['2014-08-30(日本)'],['111分钟'],['9.0'],['206943'],['45'],['57.4%'],['34.1%'],['7.7%'],['0.6%'],['0.2%']
,,,,,,,,,,,,,,,,
109,['驯龙高手 How to Train Your Dragon'],"['威廉姆・戴维斯', '迪恩・德布洛斯', '克里斯・桑德斯', '葛蕾熙达・柯维尔']","['杰伊・巴鲁切尔', '杰拉德・巴特勒', '克雷格・费格森']","['动画', '奇幻', '冒险']",[' 美国'],[' 英语'],"['2010-05-14(中国大陆)', '2010-03-18(俄罗斯)', '2010-03-26(美国)']",['98分钟'],['8.7'],['409568'],['45'],['46.5%'],['42.2%'],['10.7%'],['0.5%'],['0.1%']
,,,,,,,,,,,,,,,,
110,['侧耳倾听 耳をすませば'],"['宫崎骏', '翱']","['本名阳子', '小林桂树', '高山南']","['剧情', '爱情', '动画']",[' 日本'],[' 日语 / 英语'],['1995-07-15(日本)'],['111分钟'],['8.8'],['237199'],['45'],['52.9%'],['36.8%'],['9.6%'],['0.5%'],['0.1%']
,,,,,,,,,,,,,,,,
111,['请以你的名字呼唤我 Call Me by Your Name'],"['詹姆斯・伊沃里', '安德列・艾席蒙']","['艾米・汉莫', '蒂莫西・柴勒梅德', '迈克尔・斯图巴']","['剧情', '爱情', '同性']",[' 意大利 / 法国 / 巴西 / 美国 / 荷兰 / 德国'],[' 英语 / 意大利语 / 法语 / 德语 / 希伯来语'],"['2017-01-22(圣丹斯电影节)', '2017-11-24(美国)']",['132分钟'],['8.8'],['296859'],['45'],['55.2%'],['33.4%'],['9.8%'],['1.2%'],['0.5%']
,,,,,,,,,,,,,,,,
112,['红辣椒 パプリカ'],"['水上清资', '今敏', '筒井康隆']","['林原惠美', '江守彻', '堀胜之v']","['科幻', '动画', '悬疑', '惊悚']",[' 日本'],[' 日语'],"['2006-09-02(威尼斯电影节)', '2006-11-25(日本)']",['90 分钟'],['8.9'],['195176'],['45'],['57.2%'],['33.7%'],['8.2%'],['0.7%'],['0.2%']
,,,,,,,,,,,,,,,,
113,['倩女幽魂'],['阮继志'],"['张国荣', '王祖贤', '午马']","['爱情', '奇幻', '武侠', '古装']",[' 香港'],[' 粤语'],"['2011-04-30(中国大陆)', '1987-07-18(香港)']",['98分钟(香港)'],['8.7'],['373159'],['45'],['45.5%'],['43.1%'],['10.8%'],['0.5%'],['0.1%']
,,,,,,,,,,,,,,,,
114,['恐怖直播 ? ?? ???'],['金秉v'],"['河正宇', '李Z荣', '全慧珍']","['剧情', '悬疑', '犯罪']",[' 韩国'],[' 韩语'],['2013-07-31(韩国)'],['97分钟'],['8.7'],['327212'],['45'],['48.9%'],['40.6%'],['9.6%'],['0.7%'],['0.2%']
,,,,,,,,,,,,,,,,
115,['风之谷 Lの谷のナウシカ'],['宫崎骏'],"['岛本须美', '松田洋治', 'Y原良子']","['动画', '奇幻', '冒险']",[' 日本'],[' 日语'],"['1992-05(中国大陆)', '1984-03-11(日本)']",['117分钟'],['8.8'],['233434'],['45'],['52.7%'],['37.1%'],['9.6%'],['0.5%'],['0.1%']
,,,,,,,,,,,,,,,,
116,['超脱 Detachment'],['卡尔・隆德'],"['艾德里安・布洛迪', '马西娅・盖伊・哈登', '詹姆斯・肯恩']",['剧情'],[' 美国'],[' 英语'],['2011-04-25(翠贝卡电影节)'],['97分钟'],['8.8'],['240241'],['45'],['53.3%'],['36.0%'],['9.5%'],['1.0%'],['0.3%']
,,,,,,,,,,,,,,,,
117,['上帝之城 Cidade de Deus'],"['布罗里欧・曼托伐尼', '保罗・林斯']","['亚历桑德雷・罗德里格斯', '莱安德鲁・菲尔米诺', '菲利佩・哈根森']","['剧情', '犯罪']",[' 巴西 / 法国'],[' 葡萄牙语'],"['2002-05-18(戛纳电影节)', '2002-08-30(巴西)']",['130分钟'],['8.9'],['192733'],['45'],['55.5%'],['35.9%'],['7.8%'],['0.6%'],['0.2%']
,,,,,,,,,,,,,,,,
118,['爱在日落黄昏时 Before Sunset'],"['理查德・林克莱特', '朱莉・德尔佩', '伊桑・霍克', '金・克里桑']","['伊桑・霍克', '朱莉・德尔佩', '弗农・多布切夫']","['剧情', '爱情']",[' 美国'],[' 英语 / 法语'],"['2004-02-10(柏林电影节)', '2004-07-30(美国)']",['80 分钟'],['8.8'],['267125'],['45'],['52.9%'],['35.1%'],['10.6%'],['1.1%'],['0.3%']
,,,,,,,,,,,,,,,,
119,['菊次郎的夏天 菊次郎の夏'],['北野武'],"['北野武', '关口雄介', '岸本加世子']","['剧情', '喜剧']",[' 日本'],[' 日语'],"['1999-05-20(戛纳电影节)', '1999-06-05(日本)']",['121 分钟'],['8.8'],['260974'],['45'],['51.1%'],['37.9%'],['10.0%'],['0.9%'],['0.2%']
,,,,,,,,,,,,,,,,
120,['幸福终点站 The Terminal'],"['安德鲁・尼科尔', '萨沙・杰瓦西 ', '杰夫・内桑森']","['汤姆・汉克斯', '凯瑟琳・泽塔-琼斯', '斯坦利・图齐']","['剧情', '喜剧', '爱情']",[' 美国'],[' 英语 / 俄语 / 法语 / 保加利亚语'],"['2005-01-14(中国大陆)', '2004-06-18(美国)']",['128分钟'],['8.7'],['294267'],['45'],['47.8%'],['41.5%'],['10.1%'],['0.6%'],['0.1%']
,,,,,,,,,,,,,,,,
121,['哈利・波特与死亡圣器(下) Harry Potter and the Deathly Hallows: Part 2'],"['史蒂夫・克洛夫斯', 'J・K・罗琳']","['丹尼尔・雷德克里夫', '艾玛・沃森', '鲁伯特・格林特']","['剧情', '悬疑', '奇幻', '冒险']",[' 美国 / 英国'],[' 英语'],"['2011-08-04(中国大陆)', '2011-07-15(美国)']",['130分钟'],['8.7'],['383568'],['45'],['50.9%'],['35.8%'],['12.1%'],['0.9%'],['0.3%']
,,,,,,,,,,,,,,,,
122,['小森林 冬春篇 リトル?フォレスト 冬?春'],"['森淳一', '五十岚大介']","['桥本爱', '三浦贵大', '松冈茉优']",['剧情'],[' 日本'],[' 日语'],['2015-02-14(日本)'],['120分钟'],['9.0'],['180617'],['45'],['58.4%'],['33.7%'],['7.2%'],['0.5%'],['0.2%']
,,,,,,,,,,,,,,,,
123,['杀人回忆 ??? ??'],"['奉俊昊', '沈成宝', '金光林']","['宋康昊', '金相庆', '金雷河']","['剧情', '悬疑', '惊悚', '犯罪']",[' 韩国'],[' 韩语'],['2003-05-02(韩国)'],['130分钟'],['8.7'],['285596'],['45'],['48.9%'],['39.9%'],['10.1%'],['0.9%'],['0.3%']
,,,,,,,,,,,,,,,,
124,['7号房的礼物 7??? ??'],"['李焕庆', '刘英雅']","['柳承龙', '朴信惠', '郑镇荣']","['剧情', '喜剧', '家庭']",[' 韩国'],[' 韩语'],['2013-01-23(韩国)'],['127分钟'],['8.8'],['254454'],['45'],['52.3%'],['36.4%'],['10.0%'],['1.0%'],['0.3%']
,,,,,,,,,,,,,,,,
125,['神偷奶爸 Despicable Me'],"['肯・道里欧', '塞尔希奥・巴勃罗斯', '辛科・保罗']","['史蒂夫・卡瑞尔', '杰森・席格尔', '拉塞尔・布兰德']","['喜剧', '动画', '冒险']",[' 美国 / 法国'],[' 英语'],"['2010-06-20(莫斯科电影节)', '2010-07-09(美国)']",['95分钟'],['8.5'],['536388'],['45'],['41.1%'],['45.5%'],['12.5%'],['0.7%'],['0.1%']
,,,,,,,,,,,,,,,,
126,['借东西的小人阿莉埃蒂 借りぐらしのアリエッティ'],"['宫崎骏', '丹羽圭子', '玛丽・诺顿']","['志田未来', '神木隆之介', '树木希林']","['动画', '奇幻', '冒险']",[' 日本'],[' 日语'],['2010-07-17(日本)'],['94分钟'],['8.7'],['289033'],['45'],['48.3%'],['40.8%'],['10.3%'],['0.5%'],['0.1%']
,,,,,,,,,,,,,,,,
127,['萤火之森 w火の杜へ'],['绿川幸'],"['佐仓绫音', '内山昂辉', 'y亲八']","['剧情', '爱情', '动画', '奇幻']",[' 日本'],[' 日语'],['2011-09-17(日本)'],['45分钟'],['8.8'],['238244'],['45'],['53.4%'],['35.0%'],['10.5%'],['0.9%'],['0.3%']
,,,,,,,,,,,,,,,,
128,['蝙蝠侠：黑暗骑士崛起 The Dark Knight Rises'],"['大卫・S・高耶', '乔纳森・诺兰', '克里斯托弗・诺兰']","['克里斯蒂安・贝尔', '汤姆・哈迪', '安妮・海瑟薇']","['剧情', '动作', '科幻', '惊悚', '犯罪']",[' 美国 / 英国'],[' 英语 / 阿拉伯语'],"['2012-08-27(中国大陆)', '2012-07-20(美国)']",['165分钟'],['8.7'],['391333'],['45'],['47.9%'],['39.3%'],['11.5%'],['1.0%'],['0.3%']
,,,,,,,,,,,,,,,,
129,['唐伯虎点秋香 唐伯虎c秋香'],"['李力持', '谷德昭', '陈文强']","['周星驰', '巩俐', '陈百祥']","['喜剧', '爱情', '古装']",[' 香港'],[' 粤语'],['1993-07-01(香港)'],['102 分钟'],['8.5'],['503559'],['45'],['41.5%'],['44.3%'],['13.3%'],['0.8%'],['0.2%']
,,,,,,,,,,,,,,,,
130,['超能陆战队 Big Hero 6'],"['乔丹・罗伯茨', '丹尼尔・吉尔森', '罗伯特・L・贝尔德']","['斯科特・安第斯', '瑞恩・波特', '丹尼尔・海尼']","['喜剧', '动作', '科幻', '动画', '冒险']",[' 美国'],[' 英语'],"['2015-02-28(中国大陆)', '2014-10-23(东京电影节)', '2014-11-07(美国)']",['102分钟'],['8.6'],['526016'],['45'],['45.3%'],['41.8%'],['11.9%'],['0.8%'],['0.2%']
,,,,,,,,,,,,,,,,
131,"['怪兽电力公司 Monsters, Inc.']","['安德鲁・斯坦顿', '丹尼尔・吉尔森', '罗伯特・L・贝尔德', '瑞特・里斯', '乔纳森・罗伯特 ', '彼特・道格特', '杰夫・皮金', '吉尔・卡尔顿', '拉夫・埃格尔斯顿']","['约翰・古德曼', '比利・克里斯托', '玛丽・吉布斯']","['喜剧', '动画', '儿童', '奇幻', '冒险']",[' 美国'],[' 英语'],"['2001-11-02(美国)', '2012-12-19(美国)']",['92 分钟'],['8.6'],['340613'],['45'],['44.2%'],['43.9%'],['11.3%'],['0.5%'],['0.1%']
,,,,,,,,,,,,,,,,
132,['岁月神偷 q月神偷'],"['罗启锐', '张婉婷']","['吴君如', '任达华', '钟绍图']","['剧情', '家庭']",[' 香港 / 中国大陆'],[' 粤语 / 汉语普通话 / 英语 / 上海话 / 法语'],"['2010-04-16(中国大陆)', '2010-02-14(柏林电影节)', '2010-03-11(香港)']",['117分钟'],['8.7'],['379434'],['45'],['46.9%'],['40.4%'],['11.6%'],['0.9%'],['0.2%']
,,,,,,,,,,,,,,,,
133,['电锯惊魂 Saw'],"['温子仁', '雷・沃纳尔']","['雷・沃纳尔', '加利・艾尔维斯', '丹尼・格洛弗']","['悬疑', '惊悚', '恐怖']",[' 美国'],[' 英语'],"['2004-01-19(圣丹斯电影节)', '2004-10-29(美国)']",['103分钟'],['8.7'],['268738'],['45'],['49.8%'],['37.5%'],['11.4%'],['1.0%'],['0.4%']
,,,,,,,,,,,,,,,,
134,['七武士 七人の侍'],"['黑泽明', '小国英雄', '桥本忍']","['三船敏郎', '志村乔', '稻叶义男']","['剧情', '动作', '冒险']",[' 日本'],[' 日语'],['1954-04-26(日本)'],['160分钟(国际版)'],['9.2'],['103588'],['45'],['67.6%'],['26.2%'],['5.4%'],['0.5%'],['0.3%']
,,,,,,,,,,,,,,,,
135,['谍影重重3 The Bourne Ultimatum'],"['托尼・吉尔罗伊', '乔治・诺非', '斯科特・Z・本恩斯']","['马特・达蒙', '朱丽娅・斯蒂尔斯', '大卫・斯特雷泽恩']","['动作', '悬疑', '惊悚']",[' 美国 / 德国'],[' 英语 / 法语 / 阿拉伯语 / 俄语 / 西班牙语'],"['2007-11-15(中国大陆)', '2007-08-03(美国)']",['115分钟'],['8.7'],['241229'],['45'],['49.2%'],['39.7%'],['10.4%'],['0.5%'],['0.1%']
,,,,,,,,,,,,,,,,
136,['无人知晓 lも知らない'],['是枝裕和'],"['柳乐优弥', '北浦爱', '木村飞影']",['剧情'],[' 日本'],[' 日语'],"['2004-05-13(戛纳电影节)', '2004-08-07(日本)']",['141分钟'],['9.1'],['118045'],['45'],['61.5%'],['32.8%'],['5.2%'],['0.4%'],['0.2%']
,,,,,,,,,,,,,,,,
137,['真爱至上 Love Actually'],['理查德・柯蒂斯'],"['休・格兰特', '科林・费尔斯', '艾玛・汤普森']","['剧情', '喜剧', '爱情']",[' 英国 / 美国 / 法国'],[' 英语 / 葡萄牙语 / 法语'],"['2003-09-07(多伦多电影节)', '2003-11-06(美国)', '2003-11-21(英国)']",['135 分钟'],['8.6'],['413247'],['45'],['45.6%'],['38.5%'],['14.4%'],['1.3%'],['0.3%']
,,,,,,,,,,,,,,,,
138,['疯狂原始人 The Croods'],"['克里斯・桑德斯', '柯克・德・米科', '约翰・克立斯']","['尼古拉斯・凯奇', '艾玛・斯通', '瑞恩・雷诺兹']","['喜剧', '动画', '冒险']",[' 美国'],[' 英语'],"['2013-04-20(中国大陆)', '2013-02-15(柏林电影节)', '2013-03-22(美国)']",['98分钟'],['8.7'],['490788'],['45'],['47.0%'],['40.2%'],['11.9%'],['0.7%'],['0.2%']
,,,,,,,,,,,,,,,,
139,['喜宴 盅'],"['李安', '冯光远', '詹姆斯・夏慕斯']","['赵文u', '郎雄', '归亚蕾']","['剧情', '喜剧', '爱情', '同性', '家庭']",[' 台湾 / 美国'],[' 汉语普通话 / 英语'],"['1993-02(柏林电影节)', '1993-08-04(美国)']",['108分钟'],['8.9'],['185283'],['45'],['50.9%'],['41.8%'],['6.9%'],['0.3%'],['0.1%']
,,,,,,,,,,,,,,,,
140,['英雄本色'],"['陈庆嘉', '吴宇森', '梁淑华']","['周润发', '狄龙', '张国荣']","['剧情', '动作', '犯罪']",[' 香港'],[' 粤语 / 汉语普通话 / 英语'],"['2017-11-17(中国大陆)', '1986-08-02(香港)']",['95分钟'],['8.6'],['255981'],['45'],['45.1%'],['43.0%'],['11.3%'],['0.5%'],['0.1%']
,,,,,,,,,,,,,,,,
141,['萤火虫之墓 火垂るの墓'],"['高x勋', '野坂昭如']","['辰己努', '白石绫乃', '志乃原良子']","['剧情', '动画', '战争']",[' 日本'],[' 日语'],['1988-04-16(日本)'],['89 分钟'],['8.7'],['258839'],['45'],['52.8%'],['33.4%'],['10.8%'],['1.7%'],['1.3%']
,,,,,,,,,,,,,,,,
142,['东邪西毒 |邪西毒'],"['王家卫', '金庸']","['张国荣', '林青霞', '梁朝伟']","['剧情', '动作', '爱情', '武侠', '古装']",[' 香港 / 台湾'],[' 粤语 / 汉语普通话'],['1994-09-17(中国大陆)'],['100分钟'],['8.6'],['342710'],['45'],['47.0%'],['38.4%'],['12.7%'],['1.4%'],['0.5%']
,,,,,,,,,,,,,,,,
143,['贫民窟的百万富翁 Slumdog Millionaire'],"['西蒙・博福伊', '维卡斯・史瓦卢普']","['戴夫・帕特尔', '沙鲁巴・舒克拉', '亚尼・卡普']","['剧情', '爱情']",[' 英国 / 美国'],[' 英语 / 印地语 / 法语'],"['2009-03-26(中国大陆)', '2008-08-30(特柳赖德电影节)', '2009-01-09(英国)']",['120 分钟'],['8.5'],['480455'],['45'],['41.7%'],['44.9%'],['12.5%'],['0.8%'],['0.2%']
,,,,,,,,,,,,,,,,
144,['黑天鹅 Black Swan'],"['安德雷斯・海因斯', '马克・海曼', '约翰・J・麦克劳克林']","['娜塔莉・波特曼', '米拉・库尼斯', '文森特・卡索']","['剧情', '惊悚']",[' 美国'],[' 英语 / 法语 / 意大利语'],"['2010-09-01(威尼斯电影节)', '2010-12-17(美国)']",['108分钟'],['8.5'],['526899'],['45'],['41.3%'],['45.4%'],['12.2%'],['0.9%'],['0.2%']
,,,,,,,,,,,,,,,,
145,['记忆碎片 Memento'],"['克里斯托弗・诺兰', '乔纳森・诺兰']","['盖・皮尔斯', '凯瑞-安・莫斯', '乔・潘托里亚诺']","['剧情', '悬疑', '惊悚', '犯罪']",[' 美国'],[' 英语'],"['2000-09-05(威尼斯电影节)', '2000-10-20(英国)', '2001-05-25(美国)']",['113分钟'],['8.6'],['357428'],['45'],['44.1%'],['42.5%'],['12.0%'],['1.1%'],['0.3%']
,,,,,,,,,,,,,,,,
146,['血战钢锯岭 Hacksaw Ridge'],"['安德鲁・奈特', '罗伯特・申坎']","['安德鲁・加菲尔德', '萨姆・沃辛顿', '文斯・沃恩']","['剧情', '传记', '历史', '战争']",[' 美国 / 澳大利亚'],[' 英语'],"['2016-12-08(中国大陆)', '2016-09-04(威尼斯电影节)', '2016-11-04(美国)']",['139分钟(中国大陆)'],['8.7'],['444138'],['45'],['46.2%'],['41.7%'],['11.0%'],['0.9%'],['0.2%']
,,,,,,,,,,,,,,,,
147,['傲慢与偏见 Pride & Prejudice'],"['简・奥斯汀', '黛博拉・莫盖茨']","['凯拉・奈特莉', '马修・麦克费登', '唐纳德・萨瑟兰']","['剧情', '爱情']",[' 法国 / 英国 / 美国'],[' 英语'],['2005-09-16(英国)'],['129 分钟'],['8.5'],['404822'],['45'],['42.6%'],['42.6%'],['13.5%'],['1.1%'],['0.2%']
,,,,,,,,,,,,,,,,
148,['心迷宫'],"['忻钰坤', '冯元良', '鲁妮凡']","['霍卫民', '王笑天', '罗芸']","['剧情', '悬疑', '犯罪']",[' 中国大陆'],[' 汉语普通话'],"['2015-10-16(中国大陆)', '2014-07-21(FIRST青年影展)', '2014-08-28(威尼斯电影节)']",['110分钟(中国大陆)'],['8.7'],['258340'],['45'],['45.4%'],['44.6%'],['9.0%'],['0.7%'],['0.3%']
,,,,,,,,,,,,,,,,
149,['时空恋旅人 About Time'],['理查德・柯蒂斯'],"['多姆纳尔・格里森', '瑞秋・麦克亚当斯', '比尔・奈伊']","['喜剧', '爱情', '奇幻']",[' 英国'],[' 英语'],['2013-09-04(英国)'],['123分钟'],['8.7'],['283330'],['45'],['48.4%'],['38.6%'],['11.9%'],['0.9%'],['0.2%']
,,,,,,,,,,,,,,,,
150,['荒蛮故事 Relatos salvajes'],['达米安・斯兹弗隆'],"['达里奥・格兰迪内蒂', '玛丽娅・玛努尔', '莫妮卡・比利亚']","['剧情', '喜剧', '犯罪']",[' 阿根廷 / 西班牙'],[' 西班牙语'],"['2014-05-17(戛纳电影节)', '2014-08-21(阿根廷)']",['122分钟'],['8.8'],['207921'],['45'],['49.4%'],['41.5%'],['8.4%'],['0.6%'],['0.2%']
,,,,,,,,,,,,,,,,
151,['纵横四海 h横四海'],"['吴宇森', '高志森', '秦小珍']","['周润发', '张国荣', '钟楚红']","['剧情', '喜剧', '动作', '犯罪']",[' 香港'],[' 粤语 / 汉语普通话 / 客家话 / 英语 / 法语'],['1991-02-02(香港)'],['108分钟'],['8.8'],['211287'],['45'],['49.3%'],['39.9%'],['10.0%'],['0.6%'],['0.1%']
,,,,,,,,,,,,,,,,
152,['雨人 Rain Man'],"['罗纳德・巴斯', '巴里・莫罗']","['达斯汀・霍夫曼', '汤姆・克鲁斯', '瓦莱丽亚・戈利诺']",['剧情'],[' 美国'],[' 英语 / 意大利语'],['1988-12-16(美国)'],['133分钟'],['8.7'],['256742'],['45'],['44.7%'],['45.0%'],['9.8%'],['0.5%'],['0.1%']
,,,,,,,,,,,,,,,,
153,['教父3 The Godfather: Part III'],"['马里奥・普佐', '弗朗西斯・福特・科波拉']","['阿尔・帕西诺', '黛安・基顿', '塔莉娅・夏尔']","['剧情', '犯罪']",[' 美国'],[' 英语 / 意大利语 / 德语 / 拉丁语'],['1990-12-25(美国)'],['170分钟'],['8.8'],['179607'],['45'],['52.8%'],['36.4%'],['9.9%'],['0.7%'],['0.2%']
,,,,,,,,,,,,,,,,
154,['达拉斯买家俱乐部 Dallas Buyers Club'],"['克莱格・鲍登', '梅丽莎・沃雷克']","['马修・麦康纳', '詹妮弗・加纳', '杰瑞德・莱托']","['剧情', '同性', '传记']",[' 美国'],[' 英语 / 日语'],"['2013-09-07(多伦多电影节)', '2013-11-22(美国)']",['117分钟'],['8.7'],['251023'],['45'],['46.3%'],['44.6%'],['8.7%'],['0.4%'],['0.1%']
,,,,,,,,,,,,,,,,
155,['完美的世界 A Perfect World'],['约翰・李・汉考克'],"['凯文・科斯特纳', '劳拉・邓恩', '克林特・伊斯特伍德']","['剧情', '犯罪']",[' 美国'],[' 英语'],['1993-11-24(美国)'],['138分钟'],['9.1'],['113347'],['45'],['60.8%'],['31.9%'],['6.5%'],['0.5%'],['0.2%']
,,,,,,,,,,,,,,,,
156,['玩具总动员3 Toy Story 3'],"['迈克尔・阿恩特', '约翰・拉塞特', '安德鲁・斯坦顿', '李・昂克里奇']","['汤姆・汉克斯', '蒂姆・艾伦', '琼・库萨克']","['喜剧', '动画', '奇幻', '冒险']",[' 美国'],[' 英语 / 西班牙语'],"['2010-06-16(中国大陆)', '2010-06-18(美国)']",['103分钟'],['8.8'],['252528'],['45'],['51.3%'],['37.1%'],['11.0%'],['0.6%'],['0.1%']
,,,,,,,,,,,,,,,,
157,['卢旺达饭店 Hotel Rwanda'],"['特瑞・乔治', '凯尔・皮尔森']","['唐・钱德尔', '苏菲・奥康内多', '杰昆・菲尼克斯']","['剧情', '历史', '战争']",[' 英国 / 南非 / 意大利 / 美国'],[' 英语 / 法语'],['2004-12-22(美国)'],['121分钟'],['8.9'],['154392'],['45'],['52.6%'],['39.4%'],['7.5%'],['0.4%'],['0.1%']
,,,,,,,,,,,,,,,,
158,['花样年华 花幽耆A'],['王家卫'],"['梁朝伟', '张曼玉', '潘迪华']","['剧情', '爱情']",[' 香港'],[' 粤语 / 上海话 / 法语'],"['2000-05-20(戛纳电影节)', '2000-09-29(香港)']",['98 分钟'],['8.6'],['320055'],['45'],['43.4%'],['43.6%'],['12.1%'],['0.8%'],['0.2%']
,,,,,,,,,,,,,,,,
159,['海边的曼彻斯特 Manchester by the Sea'],['肯尼思・洛纳根'],"['卡西・阿弗莱克', '卢卡斯・赫奇斯', '米歇尔・威廉姆斯']","['剧情', '家庭']",[' 美国'],[' 英语'],"['2017-08-25(中国大陆)', '2016-01-23(圣丹斯电影节)', '2016-11-18(美国)']",['137分钟'],['8.6'],['279369'],['45'],['43.5%'],['43.7%'],['11.6%'],['0.9%'],['0.2%']
,,,,,,,,,,,,,,,,
160,['海洋 Océans'],"['克里斯托夫・谢松', ' 雅克・克鲁奥德', '洛朗・德巴', '斯特凡纳・迪朗', '洛朗・戈德', '雅克・贝汉', '弗朗索瓦・萨兰诺']","['皮尔斯・布鲁斯南', '雅克・贝汉', '姜文']",['纪录片'],[' 法国 / 瑞士 / 西班牙 / 美国 / 阿联酋'],[' 法语 / 英语'],"['2011-08-12(中国大陆)', '2009-10-17(东京电影节)', '2010-01-27(法国)']",['104分钟(法国)'],['9.0'],['113486'],['45'],['61.0%'],['30.9%'],['7.5%'],['0.5%'],['0.2%']
,,,,,,,,,,,,,,,,
161,['恋恋笔记本 The Notebook'],"['扬・萨尔迪', '杰里米・莱文', '尼古拉斯・斯帕克斯']","['瑞恩・高斯林', '瑞秋・麦克亚当斯', '吉娜・罗兰兹']","['剧情', '爱情']",[' 美国'],[' 英语'],['2004-06-25(美国)'],['123分钟'],['8.5'],['366778'],['45'],['43.0%'],['40.9%'],['14.5%'],['1.3%'],['0.3%']
,,,,,,,,,,,,,,,,
162,['被解救的姜戈 Django Unchained'],['昆汀・塔伦蒂诺'],"['杰米・福克斯', '莱昂纳多・迪卡普里奥', '克里斯托弗・沃尔兹']","['剧情', '动作', '西部', '冒险']",[' 美国'],[' 英语 / 法语 / 德语'],"['2013-05-12(中国大陆)', '2012-12-25(美国)']",['163分钟(中国大陆)'],['8.6'],['336793'],['45'],['44.7%'],['43.4%'],['10.9%'],['0.8%'],['0.2%']
,,,,,,,,,,,,,,,,
163,['你看起来好像很好吃 おまえうまそうだな'],"['村上修', '神野博明', '宫西达也']","['山口胜平', '爱河里花子', '加藤清史郎']","['剧情', '动画', '儿童']",[' 日本'],[' 日语'],['2010-10-16(日本)'],['90分钟'],['8.8'],['191751'],['45'],['53.5%'],['36.0%'],['9.7%'],['0.7%'],['0.2%']
,,,,,,,,,,,,,,,,
164,['虎口脱险 La grande vadrouille'],"['热拉尔・乌里', '达妮埃尔・汤普森', '马塞尔・朱利安', '乔治・塔贝', '安德烈・塔贝']","['路易・德・菲奈斯', '布尔维尔', '克劳迪奥・布鲁克']","['喜剧', '战争']",[' 法国 / 英国'],[' 法语 / 英语 / 德语'],['1966-12-08(法国)'],['132分钟'],['8.9'],['133883'],['45'],['57.5%'],['32.5%'],['9.0%'],['0.8%'],['0.3%']
,,,,,,,,,,,,,,,,
165,['二十二'],[],[],['纪录片'],[' 中国大陆'],[' 汉语普通话'],"['2017-08-14(中国大陆)', '2015-10-05(釜山电影节)', '2016-06-25(莫斯科电影节)']",['99分钟(公映版)'],['8.7'],['156450'],['45'],['52.9%'],['33.6%'],['11.5%'],['1.5%'],['0.5%']
,,,,,,,,,,,,,,,,
166,"['三块广告牌 Three Billboards Outside Ebbing, Missouri']",['马丁・麦克唐纳'],"['弗兰西斯・麦克多蒙德', '伍迪・哈里森', '山姆・洛克威尔']","['剧情', '犯罪']",[' 美国 / 英国'],[' 英语'],"['2018-03-02(中国大陆)', '2017-09-04(威尼斯电影节)', '2017-12-01(美国)']",['115分钟'],['8.7'],['456978'],['45'],['46.3%'],['43.5%'],['9.4%'],['0.7%'],['0.2%']
,,,,,,,,,,,,,,,,
167,['头脑特工队 Inside Out'],"['彼特・道格特', '罗纳尔多・德尔・卡门', '梅格・勒福夫', '乔什・库雷', '迈克尔・阿恩特', '西蒙・里奇', '鲍勃・彼德森', '比尔・哈德尔', '艾米・波勒']","['艾米・波勒', '菲利丝・史密斯', '理查德・坎德']","['喜剧', '动画', '冒险']",[' 美国'],[' 英语'],"['2015-10-06(中国大陆)', '2015-06-19(美国)']",['95分钟'],['8.7'],['318758'],['45'],['49.5%'],['37.2%'],['12.0%'],['1.1%'],['0.2%']
,,,,,,,,,,,,,,,,
168,['无敌破坏王 Wreck-It Ralph'],"['菲尔・约翰斯顿', '珍妮弗・李', '瑞奇・摩尔', '吉姆・里尔顿', '约翰・C・赖利', '山姆・J・莱文', '贾里德・斯特恩']","['约翰・C・赖利', '萨拉・西尔弗曼', '杰克・麦克布瑞尔']","['喜剧', '动画', '奇幻', '冒险']",[' 美国'],[' 英语'],"['2012-11-06(中国大陆)', '2012-11-02(美国)']",['101分钟'],['8.7'],['286781'],['45'],['47.5%'],['40.3%'],['11.3%'],['0.7%'],['0.1%']
,,,,,,,,,,,,,,,,
169,["雨中曲 Singin' in the Rain"],"['贝蒂・康登', '阿多夫・格林']","['吉恩・凯利', '唐纳德・奥康纳', '黛比・雷诺斯']","['喜剧', '爱情', '歌舞']",[' 美国'],[' 英语'],['1952-04-11(美国)'],['103分钟'],['9.0'],['118901'],['45'],['58.0%'],['34.2%'],['7.3%'],['0.4%'],['0.1%']
,,,,,,,,,,,,,,,,
170,['冰川时代 Ice Age'],"['迈克尔・伯格 ', '迈克尔・J・威尔森', '彼得・阿克曼']","['雷・罗马诺', '约翰・雷吉扎莫', '丹尼斯・利瑞']","['喜剧', '动画', '冒险']",[' 美国'],[' 英语 / 克罗地亚语'],['2002-03-15(美国)'],['81 分钟'],['8.5'],['358766'],['45'],['39.2%'],['47.5%'],['12.6%'],['0.5%'],['0.1%']
,,,,,,,,,,,,,,,,
171,['你的名字。 君の名は。'],['新海诚'],"['神木隆之介', '上白石萌音', '长泽雅美']","['剧情', '爱情', '动画']",[' 日本'],[' 日语'],"['2016-12-02(中国大陆)', '2016-08-26(日本)']",['106分钟'],['8.4'],['697856'],['40'],['42.8%'],['38.7%'],['16.4%'],['1.7%'],['0.5%']
,,,,,,,,,,,,,,,,
172,['我是山姆 I Am Sam'],"['杰茜・尼尔森', '克里斯汀・约翰逊']","['西恩・潘', '达科塔・范宁', '米歇尔・菲佛']","['剧情', '家庭']",[' 美国'],[' 英语'],['2001-12-03(美国)'],['132 分钟'],['8.9'],['142325'],['45'],['53.0%'],['37.8%'],['8.6%'],['0.5%'],['0.1%']
,,,,,,,,,,,,,,,,
173,['燃情岁月 Legends of the Fall'],"['威廉・D・威特利夫', '吉姆・哈里森', 'Susan Shilliday']","['布拉德・皮特', '安东尼・霍普金斯', '艾丹・奎因']","['剧情', '爱情', '战争', '西部']",[' 美国'],[' 英语 / 科尼什语'],['1994-12-16(美国)'],['133分钟'],['8.8'],['177773'],['45'],['51.5%'],['36.3%'],['10.9%'],['1.0%'],['0.3%']
,,,,,,,,,,,,,,,,
174,['爆裂鼓手 Whiplash'],['达米恩・查泽雷'],"['迈尔斯・特勒', 'J・K・西蒙斯', '保罗・雷瑟']","['剧情', '音乐']",[' 美国'],[' 英语'],['2014-10-10(美国)'],['107分钟'],['8.6'],['308569'],['45'],['46.9%'],['40.3%'],['11.3%'],['1.1%'],['0.4%']
,,,,,,,,,,,,,,,,
175,['人工智能 Artificial Intelligence: AI'],"['布莱恩・奥尔迪斯', '史蒂文・斯皮尔伯格', 'Ian Watson']","['海利・乔・奥斯蒙', '弗兰西丝・奥康纳', '山姆・洛巴兹']","['剧情', '科幻', '冒险']",[' 美国'],[' 英语'],['2001-06-29(美国)'],['146分钟'],['8.6'],['246861'],['45'],['46.8%'],['38.8%'],['12.9%'],['1.3%'],['0.3%']
,,,,,,,,,,,,,,,,
176,['未麻的部屋 Perfect Blue'],"['村井贞之', '竹内义和']","['岩男润子', '松本梨香', 'y亲八']","['动画', '惊悚', '奇幻']",[' 日本'],[' 日语'],"['1997-07(加拿大奇幻电影节)', '1998-02-28(日本)']",['81 分钟'],['8.9'],['136733'],['45'],['54.4%'],['36.3%'],['8.3%'],['0.6%'],['0.3%']
,,,,,,,,,,,,,,,,
177,['穿越时空的少女 rをかける少女'],"['奥寺佐渡子', '筒井康隆']","['仲里依纱', '石田卓也', '板仓光隆']","['剧情', '爱情', '科幻', '动画']",[' 日本'],[' 日语'],['2006-07-15(日本)'],['98分钟'],['8.6'],['236102'],['45'],['45.9%'],['40.6%'],['12.4%'],['0.9%'],['0.2%']
,,,,,,,,,,,,,,,,
178,['魂断蓝桥 Waterloo Bridge'],"['塞缪尔・N・贝尔曼', '汉斯・拉莫', '乔治・弗罗斯切尔', '罗伯特・E・舍伍德']","['费雯・丽', '罗伯特・泰勒', '露塞尔・沃特森']","['剧情', '爱情', '战争']",[' 美国'],[' 英语 / 法语'],['1940-05-17(美国)'],['108分钟'],['8.8'],['158292'],['45'],['49.7%'],['40.4%'],['9.4%'],['0.4%'],['0.1%']
,,,,,,,,,,,,,,,,
179,['模仿游戏 The Imitation Game'],"['格拉汉姆・摩尔', '安德鲁・霍奇斯']","['本尼迪克特・康伯巴奇', '凯拉・奈特莉', '马修・古迪']","['剧情', '同性', '传记', '战争']",[' 英国 / 美国'],[' 英语 / 德语'],"['2015-07-21(中国大陆)', '2014-11-14(英国)', '2014-12-25(美国)']",['114分钟'],['8.6'],['336152'],['45'],['43.9%'],['43.9%'],['11.5%'],['0.7%'],['0.1%']
,,,,,,,,,,,,,,,,
180,['一个叫欧维的男人决定去死 En man som heter Ove'],"['弗雷德里克・巴克曼', '汉内斯・赫尔姆']","['罗夫・拉斯加德', '巴哈・帕斯', '托比亚斯・阿姆博瑞']",['剧情'],[' 瑞典'],[' 瑞典语 / 波斯语'],['2015-12-25(瑞典)'],['116分钟'],['8.8'],['181131'],['45'],['49.8%'],['40.5%'],['9.0%'],['0.6%'],['0.1%']
,,,,,,,,,,,,,,,,
181,['猜火车 Trainspotting'],"['埃文・威尔什', '约翰・霍奇']","['伊万・麦克格雷格', '艾文・布莱纳', '约翰尼・李・米勒']","['剧情', '犯罪']",[' 英国'],[' 英语'],['1996-02-23(英国)'],['94分钟'],['8.5'],['297198'],['45'],['44.2%'],['40.4%'],['13.6%'],['1.4%'],['0.4%']
,,,,,,,,,,,,,,,,
182,['房间 Room'],['艾玛・多诺霍'],"['布丽・拉尔森', '雅各布・特伦布莱', '肖恩・布里吉格斯']","['剧情', '家庭']",[' 爱尔兰 / 加拿大 / 英国 / 美国'],[' 英语'],"['2015-09-04(特柳赖德电影节)', '2015-10-23(多伦多)', '2016-01-15(爱尔兰/英国)', '2016-01-22(美国)']",['118分钟'],['8.8'],['215503'],['45'],['48.2%'],['43.1%'],['8.1%'],['0.4%'],['0.1%']
,,,,,,,,,,,,,,,,
183,['忠犬八公物语 ハチ公物Z'],['新藤兼人'],"['山本圭', '井川比佐志', '片桐入']",['剧情'],[' 日本'],[' 日语'],['1987-08-01(日本)'],['107 分钟'],['9.1'],['89010'],['45'],['62.9%'],['29.6%'],['6.8%'],['0.5%'],['0.2%']
,,,,,,,,,,,,,,,,
184,['恐怖游轮 Triangle'],['克里斯托弗・史密斯'],"['梅利莎・乔治', '利亚姆・海姆斯沃斯', '迈克尔・多曼']","['剧情', '悬疑', '惊悚']",[' 英国 / 澳大利亚'],[' 英语'],['2009-10-16(英国)'],['99 分钟'],['8.4'],['433933'],['40'],['39.2%'],['44.1%'],['14.8%'],['1.5%'],['0.4%']
,,,,,,,,,,,,,,,,
185,['魔女宅急便 魔女の宅急便'],"['宫崎骏', '角野荣子']","['高山南', '佐久间玲', '户田惠子']","['动画', '奇幻', '冒险']",[' 日本'],[' 日语'],['1989-07-29(日本)'],['103分钟'],['8.6'],['262413'],['45'],['41.5%'],['45.6%'],['12.5%'],['0.4%'],['0.1%']
,,,,,,,,,,,,,,,,
186,['罗生门 _生T'],"['黑泽明', '桥本忍', '芥川龙之介']","['三船敏郎', '千秋实', '京町子']","['剧情', '悬疑', '犯罪']",[' 日本'],[' 日语'],['1950-08-26(日本)'],['88分钟'],['8.7'],['166426'],['45'],['50.0%'],['38.8%'],['10.1%'],['0.9%'],['0.3%']
,,,,,,,,,,,,,,,,
187,['完美陌生人 Perfetti sconosciuti'],"['保罗・杰诺维塞', '菲利波・博洛尼亚', '保罗・克斯泰拉', '宝拉・马米妮', '罗兰多・拉维洛']","['马可・贾利尼', '卡夏・斯穆特尼亚克', '爱德华多・莱奥']","['剧情', '喜剧']",[' 意大利'],[' 意大利语'],"['2018-05-25(中国大陆)', '2016-02-11(意大利)']",['97分钟'],['8.5'],['315130'],['45'],['40.9%'],['46.7%'],['11.5%'],['0.8%'],['0.2%']
,,,,,,,,,,,,,,,,
188,['阿飞正传 阿w正'],['王家卫'],"['张国荣', '张曼玉', '刘嘉玲']","['剧情', '爱情', '犯罪']",[' 香港'],[' 粤语 / 汉语普通话 / 英语 / 菲律宾语 / 上海话'],"['2018-06-25(中国大陆)', '1990-12-15(香港)']",['94分钟'],['8.5'],['279764'],['45'],['39.8%'],['46.7%'],['12.6%'],['0.7%'],['0.2%']
,,,,,,,,,,,,,,,,
189,['哪吒闹海'],['王树忱'],"['梁正晖', '邱岳峰', '毕克']","['动画', '奇幻', '冒险']",[' 中国大陆'],[' 汉语普通话'],['1979-05-19(中国大陆)'],['65分钟'],['8.9'],['113829'],['45'],['57.5%'],['32.7%'],['9.1%'],['0.5%'],['0.1%']
,,,,,,,,,,,,,,,,
190,['香水 Perfume: The Story of a Murderer'],"['安德鲁・伯金', '贝尔恩德・艾辛格', '汤姆・提克威', '帕特里克・聚斯金德']","['本・卫肖', '艾伦・瑞克曼', '蕾切儿・哈伍德']","['剧情', '犯罪', '奇幻']",[' 德国 / 法国 / 西班牙 / 美国'],[' 英语'],"['2006-09-07(德国)', '2006-09-14(法国)', '2006-11-24(西班牙)', '2007-01-05(美国)']",['147分钟'],['8.5'],['346889'],['45'],['41.0%'],['43.2%'],['13.7%'],['1.5%'],['0.5%']
,,,,,,,,,,,,,,,,
191,['黑客帝国3：矩阵革命 The Matrix Revolutions'],"['莉莉・沃卓斯基', '拉娜・沃卓斯基']","['基努・里维斯', '劳伦斯・菲什伯恩', '凯瑞-安・莫斯']","['动作', '科幻']",[' 美国 / 澳大利亚'],[' 英语 / 法语'],['2003-11-05(美国/中国大陆)'],['129 分钟'],['8.6'],['210880'],['45'],['47.6%'],['38.0%'],['13.0%'],['1.2%'],['0.3%']
,,,,,,,,,,,,,,,,
192,['海街日记 海街diary'],"['是枝裕和', '吉田秋生']","['绫濑遥', '长泽雅美', '夏帆']","['剧情', '家庭']",[' 日本'],[' 日语'],"['2015-05-14(戛纳电影节)', '2015-06-13(日本)']",['127分钟'],['8.7'],['196726'],['45'],['46.7%'],['42.9%'],['9.7%'],['0.5%'],['0.1%']
,,,,,,,,,,,,,,,,
193,['浪潮 Die Welle'],"['丹尼斯・甘塞尔', '彼得・图万斯', '约翰尼・道金斯', '罗恩・比恩巴赫', '罗恩・琼斯']","['于尔根・福格尔', '弗雷德里克・劳', '马克思・雷迈特']","['剧情', '惊悚']",[' 德国'],[' 德语'],['2008-03-13(德国)'],['107 分钟'],['8.7'],['166393'],['45'],['47.8%'],['41.9%'],['9.5%'],['0.7%'],['0.2%']
,,,,,,,,,,,,,,,,
194,['朗读者 The Reader'],"['戴维・黑尔', '本哈德・施林克']","['凯特・温丝莱特', '大卫・克劳斯', '拉尔夫・费因斯']","['剧情', '爱情']",[' 美国 / 德国'],[' 英语 / 德语 / 希腊语 / 拉丁语'],"['2008-12-10(纽约首映)', '2009-01-30(美国)', '2009-02-26(德国)']",['124 分钟'],['8.5'],['324440'],['45'],['40.3%'],['46.6%'],['12.3%'],['0.7%'],['0.1%']
,,,,,,,,,,,,,,,,
195,['可可西里'],['陆川'],"['多布杰', '张正阳', '奇道']","['剧情', '犯罪']",[' 中国大陆 / 香港'],[' 汉语普通话 / 藏语'],"['2004-10-01(中国大陆)', '2005-04-21(香港)']",['85分钟(中国大陆)'],['8.7'],['163461'],['45'],['48.1%'],['40.8%'],['10.1%'],['0.7%'],['0.2%']
,,,,,,,,,,,,,,,,
196,['谍影重重2 The Bourne Supremacy'],"['罗伯特・鲁德鲁姆', '托尼・吉尔罗伊']","['马特・达蒙', '弗朗卡・波滕特', '布莱恩・考克斯']","['动作', '悬疑', '惊悚']",[' 美国 / 德国'],[' 英语 / 俄语 / 德语 / 意大利语'],"['2004-11-14(中国大陆)', '2004-07-15(洛杉矶首映)', '2004-07-23(美国)']",['108分钟'],['8.6'],['208181'],['45'],['43.3%'],['44.6%'],['11.4%'],['0.5%'],['0.1%']
,,,,,,,,,,,,,,,,
197,['谍影重重 The Bourne Identity'],"['托尼・吉尔罗伊', '罗伯特・鲁德鲁姆', 'W. Blake Herron']","['马特・达蒙', '弗朗卡・波滕特', '克里斯・库珀']","['动作', '悬疑', '惊悚']",[' 美国 / 德国 / 捷克'],[' 英语 / 法语 / 德语 / 荷兰语 / 意大利语'],"['2002-11-21(中国大陆)', '2002-06-14(美国)']",['119分钟'],['8.5'],['248231'],['45'],['42.2%'],['43.8%'],['13.2%'],['0.7%'],['0.1%']
,,,,,,,,,,,,,,,,
198,['战争之王 Lord of War'],['安德鲁・尼科尔'],"['尼古拉斯・凯奇', '布丽姬・穆娜', '杰瑞德・莱托']","['剧情', '犯罪']",[' 美国 / 法国'],[' 英语 / 法语 / 德语 / 俄语 / 西班牙语 / 乌克兰语 / 阿拉伯语 / 土耳其语 / 汉语普通话'],['2005-09-16(美国)'],['122 分钟'],['8.6'],['215170'],['45'],['43.2%'],['44.2%'],['11.8%'],['0.7%'],['0.1%']
,,,,,,,,,,,,,,,,
199,['牯岭街少年杀人事件 牯X街少年⑷耸录'],"['杨德昌', '赖铭堂', '杨顺清', '鸿鸿']","['张震', '杨静怡', '张国柱']","['剧情', '犯罪']",[' 台湾'],[' 汉语普通话 / 闽南语 / 上海话 / 粤语'],['1991-07-27(台湾)'],['237分钟(导演剪辑版)'],['8.8'],['140703'],['45'],['53.8%'],['34.1%'],['10.4%'],['1.3%'],['0.4%']
,,,,,,,,,,,,,,,,
200,['地球上的星星 Taare Zameen Par'],['阿莫尔・古普特'],"['达席尔・萨法瑞', '阿米尔・汗', '塔奈・切赫达']","['剧情', '家庭', '儿童']",[' 印度'],[' 印地语 / 英语'],['2007-12-21(印度)'],['165分钟'],['8.9'],['113053'],['45'],['54.5%'],['35.8%'],['8.8%'],['0.7%'],['0.2%']
,,,,,,,,,,,,,,,,
201,['惊魂记 Psycho'],"['约瑟夫・斯蒂凡诺', '罗伯特・布洛克']","['珍妮特・利', '安东尼・博金斯', '维拉・迈尔斯']","['悬疑', '惊悚', '恐怖']",[' 美国'],[' 英语'],"['1960-06-16(纽约首映)', '1960-09-08(美国)']",['109分钟'],['8.9'],['113021'],['45'],['54.0%'],['37.9%'],['7.5%'],['0.5%'],['0.2%']
,,,,,,,,,,,,,,,,
202,['青蛇'],"['李碧华', '徐克']","['张曼玉', '王祖贤', '赵文卓']","['剧情', '爱情', '奇幻', '古装']",[' 香港'],[' 粤语'],['1993-11-04(香港)'],['99分钟'],['8.5'],['288922'],['45'],['40.9%'],['43.7%'],['14.3%'],['1.0%'],['0.1%']
,,,,,,,,,,,,,,,,
203,['疯狂的石头'],"['张承', '宁浩', '岳小军']","['郭涛', '刘桦', '连晋']","['喜剧', '犯罪']",[' 中国大陆 / 香港'],[' 汉语普通话 / 重庆话'],"['2006-06-30(中国大陆)', '2006-08-10(香港)']",['106 分钟(香港)'],['8.4'],['427288'],['40'],['37.4%'],['45.7%'],['15.3%'],['1.3%'],['0.3%']
,,,,,,,,,,,,,,,,
204,['天书奇谭'],"['王树忱', '包蕾']","['丁建华', '毕克', '尚华']","['动画', '奇幻']",[' 中国大陆'],[' 汉语普通话'],"['1983(中国大陆)', '2019(中国大陆重映)']",['89分钟'],['9.1'],['78396'],['45'],['64.2%'],['28.5%'],['6.8%'],['0.4%'],['0.1%']
,,,,,,,,,,,,,,,,
205,['一次别离 ????? ???? ?? ?????'],['阿斯哈・法哈蒂'],"['佩曼・莫阿迪', '蕾拉・哈塔米', '萨瑞・巴亚特']","['剧情', '家庭']",[' 伊朗 / 法国'],[' 波斯语'],"['2012-11-13(中国大陆)', '2011-02-15(柏林电影节)', '2011-03-16(伊朗)']",['123分钟'],['8.7'],['162123'],['45'],['48.2%'],['41.0%'],['9.9%'],['0.8%'],['0.2%']
,,,,,,,,,,,,,,,,
206,['追随 Following'],['克里斯托弗・诺兰'],"['杰里米・西奥伯德', '亚历克斯・霍', '露西・拉塞尔']","['悬疑', '惊悚', '犯罪']",[' 英国'],[' 英语'],"['1998-09-12(多伦多电影节)', '1999-11-05(英国)']",['69分钟'],['8.9'],['103386'],['45'],['55.5%'],['36.7%'],['7.2%'],['0.5%'],['0.2%']
,,,,,,,,,,,,,,,,
207,['终结者2：审判日 Terminator 2: Judgment Day'],"['詹姆斯・卡梅隆', '小威廉・威谢尔']","['阿诺・施瓦辛格', '琳达・汉密尔顿', '爱德华・福隆']","['动作', '科幻']",[' 美国 / 法国'],[' 英语 / 西班牙语'],"['1991-07-03(美国)', '2017-02-17(柏林电影节 3D)']",['137分钟'],['8.6'],['188065'],['45'],['45.7%'],['40.9%'],['12.7%'],['0.6%'],['0.1%']
,,,,,,,,,,,,,,,,
208,['源代码 Source Code'],['本・雷普利'],"['杰克・吉伦哈尔', '维拉・法米加', '米歇尔・莫纳汉']","['科幻', '悬疑', '惊悚']",[' 美国 / 加拿大'],[' 英语'],"['2011-08-30(中国大陆)', '2011-03-11(西南偏南电影节)', '2011-04-01(美国)']",['93分钟'],['8.4'],['502311'],['40'],['35.7%'],['49.2%'],['14.2%'],['0.8%'],['0.1%']
,,,,,,,,,,,,,,,,
209,['初恋这件小事 ???????????????????????...???'],['普特鹏・普罗萨卡・那・萨克那卡林'],"['平采娜・乐维瑟派布恩', '马里奥・毛瑞尔', '苏达拉・布查蓬']","['剧情', '喜剧', '爱情']",[' 泰国'],[' 泰语 / 印度尼西亚语 / 英语'],"['2012-06-05(中国大陆)', '2010-08-12(泰国)']",['118分钟(泰国)'],['8.3'],['598818'],['40'],['38.4%'],['42.2%'],['17.3%'],['1.7%'],['0.4%']
,,,,,,,,,,,,,,,,
210,['步履不停 iいても iいても'],['是枝裕和'],"['阿部宽', '夏川结衣', '江原由希子']","['剧情', '家庭']",[' 日本'],[' 日语'],['2008-06-28(日本)'],['115分钟'],['8.8'],['127796'],['45'],['50.3%'],['40.8%'],['8.2%'],['0.5%'],['0.2%']
,,,,,,,,,,,,,,,,
211,['小萝莉的猴神大叔 Bajrangi Bhaijaan'],"['卡比尔・汗', '维杰耶德拉・普拉萨德']","['萨尔曼・汗', '哈莎莉・马洛特拉', '卡琳娜・卡普尔']","['剧情', '喜剧', '动作']",[' 印度'],[' 印地语 / 乌尔都语'],"['2018-03-02(中国大陆)', '2015-07-17(印度)']",['159分钟'],['8.5'],['248661'],['45'],['42.4%'],['40.7%'],['14.9%'],['1.7%'],['0.4%']
,,,,,,,,,,,,,,,,
212,['新龙门客栈 新T客'],"['徐克', '张炭', '吕晓禾', '司徒慧焯', '何冀平', '苏叔阳']","['张曼玉', '林青霞', '梁家辉']","['动作', '爱情', '武侠', '古装']",[' 香港 / 中国大陆'],[' 汉语普通话 / 粤语'],"['2012-02-24(中国大陆)', '1992-08-27(香港)']",['88分钟'],['8.5'],['243485'],['45'],['40.6%'],['46.2%'],['12.4%'],['0.7%'],['0.1%']
,,,,,,,,,,,,,,,,
213,['再次出发之纽约遇见你 Begin Again'],['约翰・卡尼'],"['凯拉・奈特莉', '马克・鲁弗洛', '亚当・莱文']","['喜剧', '爱情', '音乐']",[' 美国'],[' 英语'],"['2015-06-26(中国大陆)', '2013-09-07(多伦多电影节)', '2014-07-11(美国)']",['104分钟'],['8.5'],['231466'],['45'],['42.2%'],['43.5%'],['13.1%'],['1.0%'],['0.2%']
,,,,,,,,,,,,,,,,
214,['撞车 Crash'],"['保罗・哈吉斯', '罗伯特・莫里斯克']","['桑德拉・布洛克', '唐・钱德尔', '马特・狄龙']","['剧情', '犯罪']",[' 美国 / 德国'],[' 英语 / 波斯语 / 西班牙语 / 汉语普通话 / 韩语'],"['2004-09-10(多伦多电影节)', '2005-05-06(美国)']",['112分钟'],['8.6'],['211686'],['45'],['43.6%'],['42.8%'],['12.4%'],['0.9%'],['0.3%']
,,,,,,,,,,,,,,,,
215,['海蒂和爷爷 Heidi'],"['约翰娜・施皮里', '佩特拉・比翁迪娜・沃尔普']","['阿努克・斯特芬', '布鲁诺・甘茨', '昆林・艾格匹']","['剧情', '家庭', '冒险']",[' 德国 / 瑞士 / 南非'],[' 德语 / 瑞士德语 / 南非语'],"['2019-05-16(中国大陆)', '2015-12-10(德国)']",['111分钟'],['9.1'],['85232'],['45'],['61.5%'],['31.5%'],['6.5%'],['0.4%'],['0.1%']
,,,,,,,,,,,,,,,,
216,['爱在午夜降临前 Before Midnight'],"['理查德・林克莱特', '朱莉・德尔佩', '伊桑・霍克', '金・克里桑']","['伊桑・霍克', '朱莉・德尔佩', '肖姆斯・戴维-菲茨帕特里克']","['剧情', '爱情']",[' 美国 / 希腊'],[' 英语 / 希腊语 / 法语'],['2013-06-14(美国)'],['109分钟'],['8.8'],['156369'],['45'],['53.5%'],['34.8%'],['10.3%'],['1.1%'],['0.4%']
,,,,,,,,,,,,,,,,
217,['梦之安魂曲 Requiem for a Dream'],"['小胡伯特・塞尔比', '达伦・阿伦诺夫斯基']","['艾伦・伯斯汀', '杰瑞德・莱托', '詹妮弗・康纳利']",['剧情'],[' 美国'],[' 英语'],"['2000-05-14(戛纳电影节)', '2000-12-15(美国)']",['102分钟'],['8.7'],['138753'],['45'],['51.7%'],['35.9%'],['10.6%'],['1.3%'],['0.5%']
,,,,,,,,,,,,,,,,
218,['无耻混蛋 Inglourious Basterds'],['昆汀・塔伦蒂诺'],"['布拉德・皮特', '梅拉尼・罗兰', '克里斯托弗・沃尔兹']","['剧情', '犯罪']",[' 美国 / 德国'],[' 英语 / 德语 / 法语 / 意大利语'],['2009-08-20(德国)'],['153分钟'],['8.5'],['278817'],['45'],['41.1%'],['44.6%'],['12.7%'],['1.2%'],['0.4%']
,,,,,,,,,,,,,,,,
219,['东京物语 |京物Z'],"['野田高梧', '小津安二郎']","['笠智众', '原节子', '杉村春子']","['剧情', '家庭']",[' 日本'],[' 日语'],['1953-11-03(日本)'],['136 分钟'],['9.2'],['67905'],['45'],['66.4%'],['27.7%'],['5.2%'],['0.4%'],['0.3%']
,,,,,,,,,,,,,,,,
220,['城市之光 City Lights'],"['查理・卓别林', 'Harry Clive', 'Harry Crocker']","['查理・卓别林', '弗吉尼亚・切瑞尔', '佛罗伦斯・李']","['剧情', '喜剧', '爱情']",[' 美国'],[' 英语'],"['1931-01-30(洛杉矶首映)', '1931-03-07(美国)']",['87 分钟'],['9.3'],['60985'],['45'],['68.3%'],['27.0%'],['4.3%'],['0.2%'],['0.1%']
,,,,,,,,,,,,,,,,
221,['彗星来的那一夜 Coherence'],"['詹姆斯・沃德・布柯特', '亚历克斯・马努吉安']","['艾米丽・芭尔多尼', '莫瑞・史特林', '尼古拉斯・布兰登']","['科幻', '悬疑', '惊悚']",[' 美国 / 英国'],[' 英语'],"['2013-09-19(奇幻电影节)', '2014-08-06(美国)']",['89分钟'],['8.5'],['257105'],['45'],['40.5%'],['44.6%'],['13.2%'],['1.3%'],['0.4%']
,,,,,,,,,,,,,,,,
222,['绿里奇迹 The Green Mile'],"['弗兰克・德拉邦特', '斯蒂芬・金']","['汤姆・汉克斯', '大卫・摩斯', '迈克・克拉克・邓肯']","['剧情', '悬疑', '犯罪', '奇幻']",[' 美国'],[' 英语 / 法语'],['1999-12-10(美国)'],['189 分钟'],['8.7'],['137291'],['45'],['49.6%'],['38.2%'],['11.0%'],['1.0%'],['0.3%']
,,,,,,,,,,,,,,,,
223,['2001太空漫游 2001: A Space Odyssey'],"['亚瑟・克拉克', '斯坦利・库布里克']","['凯尔・杜拉', '加里・洛克伍德', '威廉姆・西尔维斯特']","['科幻', '惊悚', '冒险']",[' 英国 / 美国'],[' 英语 / 俄语'],"['1968-04-02(华盛顿首映)', '1968-05-12(英国)']",['149分钟'],['8.7'],['138214'],['45'],['55.7%'],['29.7%'],['11.2%'],['2.2%'],['1.2%']
,,,,,,,,,,,,,,,,
224,['血钻 Blood Diamond'],['查尔斯・里维特'],"['莱昂纳多・迪卡普里奥', '杰曼・翰苏', '詹妮弗・康纳利']","['剧情', '惊悚', '冒险']",[' 美国 / 德国'],[' 英语 / 门德语 / 南非荷兰语'],['2006-12-08(美国)'],['143 分钟'],['8.6'],['181767'],['45'],['41.6%'],['47.1%'],['10.8%'],['0.5%'],['0.1%']
,,,,,,,,,,,,,,,,
225,['这个男人来自地球 The Man from Earth'],['杰罗姆・比克斯比'],"['大卫・李・史密斯', '托尼・托德', '约翰・比灵斯列']","['剧情', '科幻']",[' 美国'],[' 英语'],['2007-11-13(美国)'],['87 分钟'],['8.5'],['235091'],['45'],['45.9%'],['37.0%'],['14.0%'],['2.2%'],['0.9%']
,,,,,,,,,,,,,,,,
226,['E.T. 外星人 E.T.: The Extra-Terrestrial'],['梅丽莎・马西森'],"['亨利・托马斯', '迪・沃伦斯', '罗伯特・麦克纳夫顿']","['剧情', '科幻']",[' 美国'],[' 英语'],"['1982-05-26(戛纳电影节)', '1982-06-11(美国)']",['115分钟'],['8.5'],['201329'],['45'],['41.5%'],['45.1%'],['12.5%'],['0.7%'],['0.2%']
,,,,,,,,,,,,,,,,
227,['末路狂花 Thelma & Louise'],['卡莉・克里'],"['吉娜・戴维斯', '苏珊・萨兰登', '哈威・凯特尔']","['剧情', '惊悚', '犯罪']",[' 美国 / 法国'],[' 英语'],"['1991-05-24(美国)', '1991-05-29(法国)']",['130 分钟'],['8.7'],['131604'],['45'],['48.8%'],['40.3%'],['10.1%'],['0.7%'],['0.2%']
,,,,,,,,,,,,,,,,
228,['功夫'],"['曾瑾昌', '陈文强', '周星驰', '霍昕']","['周星驰', '元秋', '元华']","['喜剧', '动作', '犯罪', '奇幻']",[' 中国大陆 / 香港'],[' 粤语 / 汉语普通话 / 手语'],"['2004-12-23(中国大陆/香港)', '2015-01-15(中国大陆3D)', '2004-09-14(多伦多电影节)']",['100分钟(3D重映)'],['8.3'],['418865'],['40'],['39.3%'],['39.7%'],['18.8%'],['1.8%'],['0.3%']
,,,,,,,,,,,,,,,,
229,['聚焦 Spotlight'],"['乔希・辛格', '汤姆・麦卡锡']","['马克・鲁弗洛', '迈克尔・基顿', '瑞秋・麦克亚当斯']","['剧情', '传记']",[' 美国'],[' 英语'],"['2015-09-03(威尼斯电影节)', '2015-11-25(美国)']",['128分钟'],['8.8'],['164469'],['45'],['50.0%'],['40.9%'],['8.4%'],['0.5%'],['0.1%']
,,,,,,,,,,,,,,,,
230,['变脸 Face/Off'],"['麦克・韦柏', '迈克尔・科拉里']","['约翰・特拉沃尔塔', '尼古拉斯・凯奇', '琼・艾伦']","['动作', '科幻', '惊悚', '犯罪']",[' 美国'],[' 英语 / 拉丁语'],['1997-06-27(美国)'],['138分钟'],['8.4'],['262231'],['40'],['37.6%'],['47.5%'],['14.0%'],['0.8%'],['0.1%']
,,,,,,,,,,,,,,,,
231,['勇闯夺命岛 The Rock'],"['大卫・韦斯伯格', '道格拉斯・库克']","['肖恩・康纳利', '尼古拉斯・凯奇', '艾德・哈里斯']","['动作', '冒险']",[' 美国'],[' 英语'],['1996-06-07(美国)'],['136分钟'],['8.6'],['174722'],['45'],['43.2%'],['43.8%'],['12.1%'],['0.7%'],['0.1%']
,,,,,,,,,,,,,,,,
232,['发条橙 A Clockwork Orange'],"['斯坦利・库布里克', '安东尼・伯吉斯']","['马尔科姆・麦克道威尔', '帕特里克・马基', '迈克尔・贝茨']","['剧情', '科幻', '犯罪']",[' 英国 / 美国'],[' 英语'],"['1971-12-19(纽约首映)', '1972-01-13(英国)']",['136 分钟'],['8.5'],['228256'],['45'],['43.7%'],['40.2%'],['13.7%'],['1.7%'],['0.7%']
,,,,,,,,,,,,,,,,
233,['黑鹰坠落 Black Hawk Down'],"['肯・诺兰', '马克・鲍登']","['乔什・哈奈特', '伊万・麦克格雷格', '汤姆・塞兹摩尔']","['动作', '历史', '战争']",[' 美国'],[' 英语 / 阿拉伯语 / 索马里语'],['2001-12-18(美国)'],['144分钟'],['8.6'],['158891'],['45'],['44.7%'],['42.7%'],['11.6%'],['0.8%'],['0.2%']
,,,,,,,,,,,,,,,,
234,"['黄金三镖客 Il buono, il brutto, il cattivo.']","['阿杰诺雷・因克罗奇', '富里奥・斯卡佩利', '卢恰诺・温琴佐尼', '赛尔乔・莱昂内']","['克林特・伊斯特伍德', '埃里・瓦拉赫', '李・范・克里夫']","['西部', '冒险']",[' 意大利 / 西班牙 / 西德'],[' 意大利语 / 英语'],['1966-12-23(意大利)'],['161 分钟'],['9.1'],['67412'],['45'],['64.2%'],['28.8%'],['6.2%'],['0.5%'],['0.2%']
,,,,,,,,,,,,,,,,
235,['秒速5厘米 秒速5センチメ`トル'],['新海诚'],"['水桥研二', '近藤好美 ', '花村怜美']","['剧情', '爱情', '动画']",[' 日本'],[' 日语'],['2007-03-03(日本)'],['63分钟'],['8.3'],['390959'],['40'],['40.9%'],['37.5%'],['18.4%'],['2.6%'],['0.7%']
,,,,,,,,,,,,,,,,
236,['非常嫌疑犯 The Usual Suspects'],['克里斯托弗・麦奎里'],"['史蒂芬・鲍德温', '加布里埃尔・伯恩', '本尼西奥・德尔・托罗']","['剧情', '悬疑', '惊悚', '犯罪']",[' 德国 / 美国'],[' 英语 / 匈牙利语 / 西班牙语 / 法语'],"['1995-01-25(圣丹斯电影节)', '1995-09-15(美国)']",['106分钟'],['8.6'],['154047'],['45'],['45.0%'],['42.7%'],['11.2%'],['0.8%'],['0.2%']
,,,,,,,,,,,,,,,,
237,['我爱你 ??? ?????'],"['姜草', '秋昌G']","['宋在浩', '李顺载', '尹秀晶']","['剧情', '爱情']",[' 韩国'],[' 韩语'],['2011-02-17(韩国)'],['118分钟'],['9.0'],['79457'],['45'],['60.8%'],['30.8%'],['7.5%'],['0.6%'],['0.2%']
,,,,,,,,,,,,,,,,
238,["国王的演讲 The King's Speech"],['大卫・塞德勒'],"['科林・费尔斯', '杰弗里・拉什', '海伦娜・伯翰・卡特']","['剧情', '传记', '历史']",[' 英国 / 澳大利亚 / 美国'],[' 英语'],"['2012-02-24(中国大陆)', '2010-09-06(特柳赖德电影节)', '2010-12-25(美国)', '2011-01-07(英国)']",['118分钟'],['8.4'],['419069'],['40'],['33.9%'],['50.9%'],['14.3%'],['0.7%'],['0.2%']
,,,,,,,,,,,,,,,,
239,['奇迹男孩 Wonder'],"['斯蒂芬・卓博斯基', '斯蒂夫・康拉德', '杰克・索恩', 'R・J・帕拉西奥']","['雅各布・特伦布莱', '朱莉娅・罗伯茨', '伊扎贝拉・维多维奇']","['剧情', '家庭', '儿童']",[' 美国 / 香港'],[' 英语'],"['2018-01-19(中国大陆)', '2017-11-17(美国)']",['113分钟'],['8.6'],['293228'],['45'],['44.0%'],['43.8%'],['11.5%'],['0.6%'],['0.1%']
,,,,,,,,,,,,,,,,
240,['卡萨布兰卡 Casablanca'],"['朱利叶斯・J・爱泼斯坦', '菲利普・G・爱泼斯坦', '霍华德・科克', 'Murray Burnett', 'Joan Alison', '凯西・罗宾逊']","['亨弗莱・鲍嘉', '英格丽・褒曼', '保罗・亨雷德']","['剧情', '爱情', '战争']",[' 美国'],[' 英语 / 法语 / 德语 / 意大利语'],"['1942-11-26(纽约首映)', '1943-01-23(美国)']",['102分钟'],['8.6'],['153705'],['45'],['45.5%'],['41.4%'],['12.3%'],['0.7%'],['0.1%']
,,,,,,,,,,,,,,,,
241,['疯狂的麦克斯4：狂暴之路 Mad Max: Fury Road'],"['乔治・米勒', '布伦丹・麦卡锡', '尼克・拉图里']","['汤姆・哈迪', '查理兹・塞隆', '尼古拉斯・霍尔特']","['动作', '科幻', '冒险']",[' 澳大利亚 / 美国'],[' 英语'],"['2015-05-14(澳大利亚)', '2015-05-15(美国)']",['120分钟'],['8.6'],['274965'],['45'],['47.0%'],['37.6%'],['12.9%'],['1.8%'],['0.7%']
,,,,,,,,,,,,,,,,
242,['千钧一发 Gattaca'],['安德鲁・尼科尔'],"['伊桑・霍克', '乌玛・瑟曼', '裘德・洛']","['剧情', '科幻', '惊悚']",[' 美国'],[' 英语 / 世界语'],['1997-10-24(美国)'],['106分钟'],['8.7'],['121605'],['45'],['48.5%'],['40.8%'],['10.0%'],['0.6%'],['0.2%']
,,,,,,,,,,,,,,,,
243,['遗愿清单 The Bucket List'],['Justin Zackham'],"['杰克・尼科尔森', '摩根・弗里曼', '西恩・海耶斯']","['剧情', '喜剧', '冒险']",[' 美国'],[' 英语'],"['2007-12-25(多伦多电影节)', '2008-01-11(美国)']",['97 分钟'],['8.6'],['176584'],['45'],['41.9%'],['44.8%'],['12.4%'],['0.7%'],['0.1%']
,,,,,,,,,,,,,,,,
244,['美国丽人 American Beauty'],['艾伦・鲍尔'],"['凯文・史派西', '安妮特・贝宁', '索拉・伯奇']","['剧情', '爱情', '家庭']",[' 美国'],[' 英语'],"['1999-09-08(洛杉矶首映)', '1999-10-01(美国)']",['122分钟'],['8.5'],['228343'],['45'],['40.1%'],['44.6%'],['14.1%'],['0.9%'],['0.2%']
,,,,,,,,,,,,,,,,
245,['驴得水'],"['周申', '刘露']","['任素汐', '大力', '刘帅良']","['剧情', '喜剧']",[' 中国大陆'],[' 汉语普通话'],['2016-10-28(中国大陆)'],['111分钟'],['8.3'],['467906'],['40'],['39.1%'],['42.9%'],['14.6%'],['2.5%'],['0.9%']
,,,,,,,,,,,,,,,,
246,['荒岛余生 Cast Away'],['小威廉・保尔斯'],"['汤姆・汉克斯', '海伦・亨特', '克里斯・诺斯']","['剧情', '冒险']",[' 美国'],[' 英语 / 俄语'],['2000-12-22(美国)'],['143分钟'],['8.5'],['175582'],['45'],['40.3%'],['47.0%'],['12.0%'],['0.6%'],['0.1%']
,,,,,,,,,,,,,,,,
247,['四个春天'],"['陆运坤', '李桂贤']",[],"['纪录片', '家庭']",[' 中国大陆'],[' 贵州独山话'],"['2019-01-04(中国大陆)', '2017-12-30(UCCA艺术放映)', '2018-07-23(FIRST青年影展)']",['105分钟'],['8.9'],['76512'],['45'],['55.7%'],['36.0%'],['7.3%'],['0.7%'],['0.2%']
,,,,,,,,,,,,,,,,
248,['碧海蓝天 Le grand bleu'],"['吕克・贝松', 'Robert Garland', 'Marilyn Goldin', '雅克・梅欧', 'Marc Perrier']","['让-马克・巴尔', '让・雷诺', '罗姗娜・阿奎特']","['剧情', '爱情']",[' 法国 / 美国 / 意大利'],[' 法语 / 英语 / 意大利语'],['1988-05-11(法国)'],['132分钟(法国)'],['8.7'],['120549'],['45'],['50.0%'],['36.8%'],['11.7%'],['1.1%'],['0.3%']
,,,,,,,,,,,,,,,,
249,['新世界 ???'],['朴勋政'],"['李政宰', '崔岷植', '黄政民']","['剧情', '犯罪']",[' 韩国'],[' 韩语 / 汉语普通话'],['2013-02-21(韩国)'],['134分钟'],['8.7'],['129152'],['45'],['45.8%'],['43.0%'],['10.3%'],['0.7%'],['0.2%']
,,,,,,,,,,,,,,,,
250,['枪火 j火'],['游乃海'],"['吴镇宇', '任达华', '黄秋生']","['剧情', '动作', '犯罪']",[' 香港'],[' 粤语'],['1999-11-19(香港)'],['84分钟(香港)'],['8.7'],['127798'],['45'],['47.8%'],['39.9%'],['11.2%'],['0.9%'],['0.3%']
